2022-09-20 14:09:27.802491,1,318.90356,205.60413,1139.7921,314.3311,244.92822,1147.5266,303.6858,356.84927,1087.509,297.66635,432.86642,1027.5796,311.67178,272.88733,1131.9213,373.0686,259.43292,1100.1484,415.41824,206.33994,903.38837,437.06976,97.176994,775.0617,442.28992,70.858055,749.39636,311.67178,272.88733,1131.9213,260.89404,249.84064,1205.217,182.18047,201.61836,1173.9594,139.25856,121.18046,1114.3939,130.11761,104.04986,1102.4808,343.22446,435.34543,1023.30023,343.22446,592.9459,1023.30023,343.22446,741.193,1023.30023,252.42584,434.26382,1032.2195,252.42584,590.5025,1032.2195,252.42584,737.46857,1032.2195
2022-09-20 14:09:27.840262,1,318.57254,202.21213,1166.2075,316.39188,240.44025,1155.0414,301.5061,349.92065,1101.0735,296.7474,423.6984,1040.058,312.62912,268.11426,1140.9061,372.11636,260.37363,1098.1569,412.4566,195.52177,917.68274,439.9052,87.581955,782.2846,446.576,61.349464,755.20496,312.62912,268.11426,1140.9061,261.76712,252.02611,1199.7429,186.78067,198.80644,1178.1686,139.89922,120.53647,1128.4604,130.02289,104.04766,1118.5188,339.63687,420.60986,1015.63416,339.63687,579.3994,1015.63416,339.63687,728.765,1015.63416,253.10794,414.12494,1043.0846,253.10794,568.7357,1043.0846,253.10794,714.17053,1043.0846
2022-09-20 14:09:27.871519,1,318.1034,200.9424,1184.4896,317.63043,237.24748,1159.6646,300.09686,346.70294,1107.1444,296.77686,420.56458,1043.1345,313.23257,264.70175,1146.0284,371.18198,261.58627,1099.33,412.4088,192.63412,928.2501,442.64325,82.39493,798.66016,449.90698,55.910145,772.7422,313.23257,264.70175,1146.0284,263.06924,251.96353,1201.041,190.76443,196.01994,1184.3586,145.27019,117.0741,1145.5498,135.79893,100.638664,1137.7881,337.2725,413.30817,1016.60406,337.2725,571.9438,1016.60406,337.2725,721.16455,1016.60406,254.39886,411.03452,1038.9572,254.39886,566.2571,1038.9572,254.39886,712.2674,1038.9572
2022-09-20 14:09:27.902771,1,317.74298,200.28088,1191.5527,318.22516,236.34099,1162.3013,299.61316,346.1143,1109.7676,297.04886,420.29413,1045.3811,313.5892,263.68384,1148.7562,371.84863,261.1178,1101.3297,413.02182,189.38493,936.431,443.43396,77.72627,812.51697,450.66452,51.179077,787.73413,313.5892,263.68384,1148.7562,263.3426,252.11002,1201.8191,194.17151,193.66733,1194.101,151.08473,114.11351,1159.767,142.15942,97.634155,1152.9001,336.003,414.07758,1017.5586,336.003,572.5583,1017.5586,336.003,721.63336,1017.5586,255.54492,412.03723,1040.103,255.54492,567.0829,1040.103,255.54492,712.9267,1040.103
2022-09-20 14:09:27.940543,1,317.32965,199.69806,1189.8467,318.48056,236.54742,1163.6074,299.54727,346.7948,1110.3944,297.20987,421.3932,1046.1421,313.79285,263.8437,1149.9629,372.72076,260.7371,1101.7559,414.19763,186.12497,944.09106,443.459,73.97658,826.92456,450.33536,47.622013,803.4913,313.79285,263.8437,1149.9629,263.19107,251.63922,1204.1483,197.87424,190.16197,1203.3287,159.6404,109.798164,1175.2465,151.7733,93.26233,1169.63,336.27286,413.6353,1018.7334,336.27286,571.92236,1018.7334,336.27286,720.81525,1018.7334,255.43175,411.10565,1041.4094,255.43175,565.9461,1041.4094,255.43175,711.5969,1041.4094
2022-09-20 14:09:27.971795,1,317.14886,198.82608,1182.5793,318.5957,236.93834,1164.1898,299.56992,347.64474,1110.4932,297.3968,421.21893,1048.0497,313.90747,264.218,1150.4817,373.8703,260.00665,1101.9524,415.3215,182.78384,951.0885,443.98578,69.75352,840.59393,450.64734,43.485344,818.495,313.90747,264.218,1150.4817,263.37344,250.55649,1210.433,201.21945,187.14171,1213.7982,166.68881,105.73846,1186.5084,159.59117,89.00638,1181.0504,336.82034,412.76794,1020.61633,336.82034,570.74677,1020.61633,336.82034,719.34973,1020.61633,255.32162,409.97974,1042.5201,255.32162,564.63934,1042.5201,255.32162,710.1201,1042.5201
2022-09-20 14:09:28.003047,1,317.03812,198.18217,1174.2262,318.65057,237.31544,1164.5437,299.66132,348.41333,1110.6407,297.53677,421.27155,1049.2529,313.98853,264.59106,1150.831,375.29144,258.55057,1102.0139,417.04498,178.60516,959.29626,445.2043,66.187065,853.0591,451.69928,40.257565,831.81165,313.98853,264.59106,1150.831,263.8473,248.35611,1219.3906,204.32843,183.1564,1221.3186,172.36453,101.89386,1196.5475,165.81229,85.23592,1191.5933,337.27634,411.6839,1023.2228,337.27634,569.23883,1023.2228,337.27634,717.44305,1023.2228,255.44518,408.53305,1044.4199,255.44518,562.8903,1044.4199,255.44518,708.0866,1044.4199
2022-09-20 14:09:28.040837,1,316.97495,197.98216,1167.4163,318.6776,237.72084,1164.6692,299.61356,349.13242,1110.3746,297.66037,421.44162,1048.9791,314.01166,264.98904,1150.8955,376.9965,255.20865,1100.8518,420.49048,171.53514,960.8004,446.37427,58.80311,863.4051,452.26794,33.134266,843.926,314.01166,264.98904,1150.8955,264.23413,245.51913,1226.588,203.71695,179.35146,1226.8175,179.45377,97.47276,1208.577,174.51297,80.79955,1204.929,337.4237,411.11444,1025.0364,337.4237,568.36395,1025.0364,337.4237,716.2808,1025.0364,255.76175,407.9903,1046.8009,255.76175,561.97034,1046.8009,255.76175,706.81177,1046.8009
2022-09-20 14:09:28.072089,1,316.96478,198.14558,1165.9097,318.6928,238.10268,1164.752,299.73483,349.79245,1110.0133,297.73294,421.65692,1048.4185,314.06467,265.3691,1150.8966,378.78088,250.36436,1100.1906,423.6422,165.42181,965.60754,445.2313,52.851517,877.5758,450.0795,27.571854,859.9695,314.06467,265.3691,1150.8966,264.24384,243.77715,1230.1196,205.14539,177.0156,1230.6694,186.90636,95.6532,1221.8416,183.22687,79.23942,1220.0759,337.56198,411.4279,1027.0983,337.56198,568.32965,1027.0983,337.56198,715.91943,1027.0983,256.18677,408.90405,1049.5535,256.18677,562.4489,1049.5535,256.18677,706.881,1049.5535
2022-09-20 14:09:28.103341,1,317.31082,198.26172,1165.2269,318.78168,238.37491,1164.8021,301.34497,350.51282,1109.4983,298.2494,422.0058,1047.6044,314.5342,265.69095,1150.8286,379.4244,250.3127,1099.9993,425.4654,164.26323,975.3458,443.42352,53.231457,894.7468,447.41052,28.580635,878.627,314.5342,265.69095,1150.8286,264.21262,243.54947,1231.9626,209.58005,174.16656,1236.3492,192.43909,93.4616,1227.7552,188.98206,77.184845,1226.0365,338.13992,411.71854,1028.0066,338.13992,568.4438,1028.0066,338.13992,715.8676,1028.0066,257.48987,409.82294,1051.8335,257.48987,562.998,1051.8335,257.48987,707.0822,1051.8335
2022-09-20 14:09:28.141104,1,318.0918,198.48187,1166.0479,318.89175,238.67303,1164.7202,302.85336,351.18103,1109.2029,299.10892,422.33698,1046.8618,314.99112,266.0357,1150.7128,380.0308,250.46281,1099.7836,427.93982,164.48747,981.61365,440.4941,55.15887,915.35675,443.22626,31.365984,902.10535,314.99112,266.0357,1150.7128,264.08612,243.59943,1232.85,212.29443,172.94037,1240.8004,197.99081,93.01942,1235.7567,195.11609,76.95687,1234.7479,338.97464,411.83228,1030.0663,338.97464,568.1998,1030.0663,338.97464,715.2872,1030.0663,259.20844,410.33118,1054.135,259.20844,563.1285,1054.135,259.20844,706.85736,1054.135
2022-09-20 14:09:28.172358,1,319.0112,198.5893,1166.9702,319.01175,238.81737,1164.6433,305.16525,351.72775,1108.986,300.41092,422.54758,1046.2478,315.6484,266.24362,1150.6165,380.6046,250.52522,1099.665,429.63412,164.14261,989.6142,439.27936,56.305622,930.8298,441.35645,33.08286,919.0729,315.6484,266.24362,1150.6165,264.05505,243.73463,1233.8737,216.30551,171.17383,1246.1089,202.4461,92.7165,1248.5435,199.6807,77.061745,1249.0304,341.15146,412.32956,1031.2603,341.15146,568.4641,1031.2603,341.15146,715.3323,1031.2603,260.5687,410.27173,1056.5444,260.5687,562.66986,1056.5444,260.5687,706.02325,1056.5444
2022-09-20 14:09:28.203608,1,320.28735,198.65604,1167.7845,319.13718,238.87901,1164.5461,307.34354,352.09683,1108.8134,301.84335,422.5675,1045.4581,316.27527,266.35315,1150.5131,381.13113,250.59207,1099.5485,429.81927,162.9726,1000.26886,438.36087,55.88813,947.5054,440.18463,33.023952,936.9527,316.27527,266.35315,1150.5131,264.39487,243.95932,1236.2814,219.00888,170.56561,1250.5815,206.27518,92.87699,1261.686,203.75531,77.50308,1263.907,343.0586,413.12112,1030.8384,343.0586,569.2586,1030.8384,343.0586,716.1295,1030.8384,261.97375,409.8762,1056.7526,261.97375,562.1848,1056.7526,261.97375,705.4541,1056.7526
2022-09-20 14:09:28.225749,1,321.5314,198.70547,1167.9894,319.26065,238.90347,1164.4254,309.06677,352.32117,1108.7147,303.3003,422.35202,1044.278,316.78873,266.4062,1150.4081,381.56384,250.69032,1099.2856,430.37042,162.57562,1008.001,437.7511,57.308914,961.43994,439.31384,35.02011,952.12775,316.78873,266.4062,1150.4081,264.62326,244.19756,1237.869,221.32385,170.2887,1255.517,212.52353,93.16276,1269.803,210.78719,77.94535,1272.6602,345.24377,410.2401,1030.6008,345.24377,566.34283,1030.6008,345.24377,713.1811,1030.6008,263.07346,407.1313,1056.7661,263.07346,559.36896,1056.7661,263.07346,702.5715,1056.7661
2022-09-20 14:09:28.272633,1,322.08255,198.72737,1168.046,319.38153,238.91542,1164.3191,310.00797,350.78305,1109.494,304.35187,421.86685,1043.3705,317.07666,266.4225,1150.3419,381.84528,250.75914,1099.1921,430.8047,162.34961,1015.73755,438.00024,58.682064,973.2682,439.51544,36.853317,964.7743,317.07666,266.4225,1150.3419,264.61624,244.35663,1237.8069,222.16672,170.89551,1261.1664,215.01608,94.19554,1275.2986,213.60492,79.05908,1278.125,346.96814,406.46518,1031.9015,346.96814,562.29016,1031.9015,346.96814,708.8671,1031.9015,263.69922,403.97186,1057.0833,263.69922,556.08484,1057.0833,263.69922,699.17004,1057.0833
2022-09-20 14:09:28.303884,1,322.29865,198.73582,1168.1124,319.4966,238.92084,1164.1531,310.40628,349.60577,1110.257,304.67926,421.4818,1042.2454,317.2378,266.4246,1150.2778,382.0894,250.83003,1099.1829,431.40253,162.4751,1021.3917,439.4553,60.004715,982.42,441.14316,38.527256,974.6256,317.2378,266.4246,1150.2778,264.1112,244.44156,1235.3536,223.31108,171.32993,1267.7158,218.37515,94.59466,1279.068,217.39845,79.41077,1281.3384,347.98904,402.46155,1034.2771,347.98904,557.8373,1034.2771,347.98904,703.9916,1034.2771,263.77112,400.92996,1057.3673,263.77112,552.91266,1057.3673,263.77112,695.87537,1057.3673
2022-09-20 14:09:28.341682,1,322.37067,198.74152,1168.1764,319.61194,238.92336,1163.9619,310.56842,348.59406,1112.7108,304.82834,420.9426,1042.8434,317.34256,266.44397,1150.6624,382.2478,250.88765,1099.4661,431.3945,162.43921,1027.0564,441.6759,60.714005,987.78357,443.83105,39.39052,979.929,317.34256,266.44397,1150.6624,263.09238,244.58107,1229.8425,224.63806,171.67169,1273.0978,220.68088,95.064316,1283.0817,219.89684,79.88568,1285.0785,348.54816,402.2043,1037.2083,348.54816,557.0392,1037.2083,348.54816,702.6847,1037.2083,263.68262,399.92145,1057.836,263.68262,551.737,1057.836,263.68262,694.5424,1057.836
2022-09-20 14:09:28.358796,1,322.37158,198.7486,1168.2288,319.7277,238.92451,1163.7898,310.62567,347.6457,1117.2704,304.93225,420.05365,1043.392,317.4205,266.48312,1151.6354,382.3322,250.93108,1100.0167,431.01074,162.32954,1032.9198,443.61853,61.504963,994.3195,446.2585,40.39332,986.5995,317.4205,266.48312,1151.6354,262.19418,244.71945,1224.1134,226.44165,171.95428,1277.796,223.69745,95.60486,1287.764,223.1537,80.4766,1289.7577,348.82626,402.03,1039.284,348.82626,556.4435,1039.284,348.82626,701.6926,1039.284,263.5652,398.9231,1058.3363,263.5652,550.5568,1058.3363,263.5652,693.1912,1058.3363
2022-09-20 14:09:28.405728,1,322.34268,198.75708,1168.2473,319.84714,238.9251,1163.7051,310.6488,346.6571,1122.4491,305.17496,417.48785,1046.2036,317.49146,266.5153,1152.8533,382.81833,251.05487,1104.3541,430.3995,162.53342,1037.0057,446.23447,61.540455,999.96826,449.54327,40.437412,992.5608,317.49146,266.5153,1152.8533,262.3372,244.76987,1223.645,228.60898,171.48528,1279.6206,225.37234,94.23127,1288.0354,224.73009,78.901436,1289.7184,348.84735,401.9897,1039.6189,348.84735,556.23114,1039.6189,348.84735,701.3184,1039.6189,263.47202,398.50693,1058.9896,263.47202,549.92706,1058.9896,263.47202,692.36053,1058.9896
2022-09-20 14:09:28.426311,1,322.31033,198.77225,1168.301,319.9727,238.92538,1163.6715,310.5264,347.4536,1126.9154,305.24115,417.1534,1047.5667,317.5697,266.53336,1154.0958,383.30478,251.18362,1109.4155,430.36243,163.172,1039.017,448.79266,63.27351,1003.71765,452.63538,42.444653,996.6578,317.5697,266.53336,1154.0958,262.41586,244.82205,1222.8549,231.32397,170.58142,1280.1024,226.44972,93.90179,1290.0421,225.48387,78.707436,1292.03,348.7453,401.81815,1040.3507,348.7453,555.81903,1040.3507,348.7453,700.68005,1040.3507,263.44128,398.29724,1059.7958,263.44128,549.47253,1059.7958,263.44128,691.6757,1059.7958
2022-09-20 14:09:28.457586,1,322.28174,198.78925,1168.2812,320.0949,238.92552,1163.6555,310.43845,348.09467,1129.0815,305.2694,417.1789,1050.3396,317.65375,266.52362,1154.7167,383.5218,251.26141,1111.9777,430.6286,163.69318,1041.5033,450.5682,64.8491,1008.1662,454.71542,44.290627,1001.4988,317.65375,266.52362,1154.7167,262.47574,244.87509,1221.9805,232.45476,170.16023,1278.9652,227.72948,94.29569,1293.6453,226.79726,79.32893,1296.5813,348.38995,401.78494,1040.2943,348.38995,555.6528,1040.2943,348.38995,700.3887,1040.2943,263.4821,398.12866,1060.8235,263.4821,549.0188,1060.8235,263.4821,690.95374,1060.8235
2022-09-20 14:09:28.504446,1,322.23926,198.80983,1168.2437,320.20908,238.9256,1163.6477,310.35452,348.6054,1130.0217,305.2901,417.3528,1054.2742,317.73145,266.50113,1155.0066,383.53885,251.29898,1112.2512,430.1942,164.88747,1046.076,453.31366,65.33262,1008.48206,458.146,44.524273,1000.96326,317.73145,266.50113,1155.0066,262.5151,244.93329,1221.0106,234.11087,170.46295,1277.19,229.795,94.55245,1299.1548,228.94926,79.67733,1303.5477,347.89984,401.68994,1040.5907,347.89984,555.3639,1040.5907,347.89984,699.9174,1040.5907,263.59967,397.92557,1062.218,263.59967,548.47064,1062.218,263.59967,690.081,1062.218
2022-09-20 14:09:28.526599,1,322.20242,198.83461,1168.2043,320.33093,238.92563,1163.6411,310.2762,348.99707,1130.4055,305.31696,417.43414,1056.9751,317.8146,266.4724,1155.1415,383.5162,251.3336,1111.9971,429.5072,165.87207,1050.2513,455.2259,67.67158,1008.83936,460.62512,47.05601,1000.55695,317.8146,266.4724,1155.1415,262.56958,244.98903,1220.0448,234.67178,171.55756,1277.4419,231.18317,97.03708,1305.0214,230.50307,82.50936,1310.5372,347.48895,401.71774,1040.2711,347.48895,555.2809,1040.2711,347.48895,699.73016,1040.2711,263.64923,397.70923,1063.8212,263.64923,547.87286,1063.8212,263.64923,689.12445,1063.8212
2022-09-20 14:09:28.567435,1,322.1676,198.8632,1168.1595,320.45132,238.92564,1163.6301,310.20013,349.2868,1130.5197,305.3484,417.44855,1058.232,317.89557,266.44028,1155.1951,383.48547,251.37202,1111.7504,428.43494,166.6451,1053.347,456.75775,69.835945,1009.74207,462.71838,49.462017,1001.02106,317.89557,266.44028,1155.1951,262.54987,245.06937,1218.6199,235.36334,172.60313,1277.7023,231.77383,98.80282,1306.775,231.07501,84.435074,1312.5896,347.3242,401.50787,1040.0446,347.3242,554.9392,1040.0446,347.3242,699.2646,1040.0446,263.61853,397.62784,1065.3914,263.61853,547.40894,1065.3914,263.61853,688.3006,1065.3914
2022-09-20 14:09:28.605720,1,322.13086,198.89365,1168.1022,320.59268,238.92564,1163.6185,310.1243,349.48758,1130.52,305.38284,417.44443,1058.8013,317.9908,266.40536,1155.2124,383.34598,251.4071,1112.0703,427.14215,166.76321,1054.612,460.31287,72.015305,1010.94727,467.29388,52.074993,1002.2143,317.9908,266.40536,1155.2124,262.95828,245.2763,1218.4574,235.838,173.40799,1278.4113,232.31677,100.10199,1307.9353,231.63155,85.83614,1313.8401,347.28033,401.28128,1039.8988,347.28033,554.56256,1039.8988,347.28033,698.7467,1039.8988,263.56525,397.63916,1066.6488,263.56525,547.07635,1066.6488,263.56525,687.6446,1066.6488
2022-09-20 14:09:28.639174,1,322.07983,199.67192,1167.9847,320.72742,238.92563,1163.605,310.05557,349.6175,1130.4766,305.4154,417.44128,1059.0596,318.08157,266.3692,1155.2118,383.0655,251.49387,1112.1917,425.4216,165.62773,1056.5387,463.72473,73.19829,1011.9785,471.79376,53.726944,1003.06647,318.08157,266.3692,1155.2118,263.08386,245.44196,1216.241,236.49197,173.26643,1278.9646,232.2388,100.567566,1309.5579,231.41191,86.4335,1315.6765,347.32446,400.8372,1039.9897,347.32446,553.9279,1039.9897,347.32446,697.9328,1039.9897,263.5148,397.77716,1067.8546,263.5148,546.87305,1067.8546,263.5148,687.12024,1067.8546
2022-09-20 14:09:28.673558,1,322.03955,200.21902,1167.879,320.8703,238.92563,1163.5908,309.99078,349.68762,1130.4226,305.44757,417.44025,1059.1827,318.17834,266.33167,1155.204,382.54004,251.84447,1112.6194,424.2868,164.30997,1057.5894,464.12473,72.88748,1012.382,472.52313,53.614388,1003.3406,318.17834,266.33167,1155.204,263.35867,245.73918,1213.5231,236.94398,172.82256,1280.0487,231.86212,100.3469,1309.3175,230.8729,86.23887,1315.1713,347.3861,400.37302,1040.1248,347.3861,553.2619,1040.1248,347.3861,697.0769,1040.1248,263.4886,398.1202,1067.5331,263.4886,547.08374,1067.5331,263.4886,687.20636,1067.5331
2022-09-20 14:09:28.706873,1,322.01157,200.57791,1167.7931,321.0177,238.92561,1163.5765,309.92874,349.70944,1130.3676,305.47958,417.44385,1059.2539,318.27832,266.29306,1155.1926,381.92062,252.93045,1113.1094,424.59778,164.45898,1057.3575,464.36584,73.49351,1013.42053,472.73688,54.345608,1004.6331,318.27832,266.29306,1155.1926,263.56808,245.76016,1210.8341,236.42789,172.48167,1281.0676,231.13412,100.229385,1309.6045,230.10294,86.15515,1315.3119,347.4041,400.45438,1040.0414,347.4041,553.1694,1040.0414,347.4041,696.8209,1040.0414,263.46454,398.35812,1067.5654,263.46454,547.13586,1067.5654,263.46454,687.0837,1067.5654
2022-09-20 14:09:28.738895,1,321.99316,200.78366,1167.7238,321.16278,238.9256,1163.5618,309.8701,349.69287,1130.3156,305.51068,417.4528,1059.3054,318.37668,266.25372,1155.179,381.03,255.31091,1113.8187,424.53235,165.64062,1057.5054,464.06586,75.13086,1014.97876,472.3734,56.111076,1006.47345,318.37668,266.25372,1155.179,263.9318,245.77623,1209.4542,236.11652,171.77753,1282.541,229.78514,99.66594,1309.2789,228.54977,85.59561,1314.6265,347.41174,401.01788,1039.9691,347.41174,553.5539,1039.9691,347.41174,697.037,1039.9691,263.45306,398.6505,1067.6327,263.45306,547.23413,1067.6327,263.45306,686.9994,1067.6327
2022-09-20 14:09:28.767588,1,321.98328,200.88368,1167.676,321.30893,238.92558,1163.5479,309.8278,349.64447,1130.3083,305.53586,417.4359,1059.3639,318.4792,266.21432,1155.1752,380.36832,256.82562,1114.3501,424.11157,167.92513,1058.2876,463.82263,78.01422,1016.292,472.16193,59.132935,1007.8929,318.4792,266.21432,1155.1752,264.47156,245.85388,1209.5448,236.08685,172.50403,1282.5806,227.55736,100.82184,1309.1151,225.89279,86.832695,1314.422,347.4195,400.97452,1039.8944,347.4195,553.3289,1039.8944,347.4195,696.64124,1039.8944,263.4309,398.60162,1067.5948,263.4309,547.0029,1067.5948,263.4309,686.5968,1067.5948
2022-09-20 14:09:28.799201,1,321.98187,200.96751,1167.6672,321.45474,238.92557,1163.5326,309.79376,349.57098,1130.3224,305.55914,417.39264,1059.445,318.58295,266.17468,1155.174,379.68936,258.47156,1114.8962,424.08505,170.46571,1059.5326,464.35977,81.30114,1017.7651,472.81467,62.582752,1009.41156,318.58295,266.17468,1155.174,264.91714,246.00552,1209.3989,235.91617,173.50085,1283.5442,226.11981,102.71495,1313.0828,224.21318,88.938225,1318.9905,347.4268,400.91006,1039.8589,347.4268,553.0747,1039.8589,347.4268,696.2085,1039.8589,263.412,398.47366,1067.564,263.412,546.6894,1067.564,263.412,686.10864,1067.564
2022-09-20 14:09:28.827090,1,321.98138,201.03859,1167.6608,321.59946,238.92557,1163.5176,309.76282,349.4775,1130.343,305.58252,417.3291,1059.5491,318.68622,266.13467,1155.1732,379.47064,258.75793,1115.0758,424.96396,171.692,1060.1992,464.46606,82.47858,1017.85944,472.76413,63.737785,1009.3915,318.68622,266.13467,1155.1732,265.25674,246.15575,1208.9491,235.37866,174.77077,1285.147,225.04366,104.6681,1316.8766,223.03613,91.05101,1323.2225,347.43274,400.9123,1039.8645,347.43274,552.8793,1039.8645,347.43274,695.82715,1039.8645,263.4028,398.38687,1067.5043,263.4028,546.4191,1067.5043,263.4028,685.6658,1067.5043
2022-09-20 14:09:28.869394,1,321.98178,201.09962,1167.6548,321.7428,238.92555,1163.5017,309.73633,349.36807,1130.3738,305.60507,417.2452,1059.6741,318.78918,266.0945,1155.1735,379.5321,258.2797,1115.0312,426.53607,172.26915,1060.2158,465.2802,82.90908,1017.395,473.42377,64.12675,1008.8309,318.78918,266.0945,1155.1735,265.54028,246.38129,1208.3103,234.8519,176.10266,1286.7432,224.37013,106.3185,1318.9672,222.33493,92.76885,1325.412,347.43198,400.9138,1039.8717,347.43198,552.68134,1039.8717,347.43198,695.4415,1039.8717,263.42203,398.69138,1067.4124,263.42203,546.5431,1067.4124,263.42203,685.61993,1067.4124
2022-09-20 14:09:28.906279,1,321.983,201.15431,1167.6503,321.89276,238.92554,1163.4851,309.71115,349.24475,1130.4119,305.6284,417.1423,1059.8206,318.89722,266.05386,1155.174,379.45917,258.3558,1115.0947,426.99387,172.93394,1060.3328,465.7998,83.76948,1016.97345,473.9615,65.01635,1008.3016,318.89722,266.05386,1155.174,265.8081,246.5365,1207.7863,234.73228,176.76039,1286.6875,223.81448,107.53312,1320.9896,221.69862,94.116875,1327.8501,347.42468,400.90903,1039.8779,347.42468,552.47595,1039.8779,347.42468,695.04755,1039.8779,263.4264,398.62927,1067.3131,263.4264,546.30023,1067.3131,263.4264,685.207,1067.3131
2022-09-20 14:09:28.939342,1,321.98422,201.20525,1167.6467,322.0385,238.92552,1163.4686,309.68893,349.11154,1130.4542,305.6511,417.02466,1059.9838,319.00253,266.01318,1155.175,379.44354,258.32712,1115.112,427.13474,173.26349,1060.3251,466.35684,84.36016,1016.0051,474.6155,65.64054,1007.1411,319.00253,266.01318,1155.175,266.04654,246.96445,1207.0223,234.70024,177.59938,1286.4761,223.67464,108.4967,1320.7971,221.53793,95.10489,1327.6614,346.5781,400.7584,1040.7484,346.5781,551.9981,1040.7484,346.5781,694.26184,1040.7484,264.31552,398.48926,1067.5525,264.31552,545.93164,1067.5525,264.31552,684.6234,1067.5525
2022-09-20 14:09:28.972616,1,321.9856,201.25383,1167.6437,322.17383,238.9255,1163.4514,309.6681,348.9914,1130.4933,305.6719,416.91663,1060.1316,319.1002,265.97742,1155.1742,379.44977,258.32886,1115.1113,427.4204,173.64478,1060.0492,466.6106,84.70727,1014.1374,474.8783,65.9446,1004.955,319.1002,265.97742,1155.1742,266.319,247.31519,1206.8268,234.49525,178.40916,1286.5508,223.15916,109.38365,1320.4033,220.96133,96.001114,1327.1738,345.81757,400.5577,1041.5277,345.81757,551.50964,1041.5277,345.81757,693.5027,1041.5277,265.09305,397.88452,1067.6472,265.09305,545.1435,1067.6472,265.09305,683.6627,1067.6472
2022-09-20 14:09:29.006432,1,321.98764,201.29631,1167.6392,322.30902,238.92548,1163.433,309.83948,347.20517,1131.0172,305.75015,415.07437,1062.5061,319.1971,265.948,1155.1705,379.48798,258.3417,1115.0844,427.45142,173.8381,1059.849,467.0709,84.935165,1011.34766,475.4552,66.12143,1001.6474,319.1971,265.948,1155.1705,266.548,247.64665,1206.5707,234.69373,178.78296,1285.9177,222.78197,109.97727,1320.119,220.4733,96.64175,1326.9592,345.13422,400.39175,1042.2316,345.13422,551.1022,1042.2316,345.13422,692.86804,1042.2316,265.8096,397.64862,1067.7633,265.8096,544.7553,1067.7633,265.8096,683.13135,1067.7633
2022-09-20 14:09:29.027332,1,321.9898,201.33362,1167.6338,322.43597,238.92546,1163.4138,309.97626,345.77798,1131.4365,305.81845,413.5942,1064.3165,319.2878,265.92386,1155.1647,379.55084,258.35983,1115.0371,427.31268,173.89668,1059.4333,467.56024,85.05969,1008.16,476.10608,66.19681,997.9053,319.2878,265.92386,1155.1647,266.77078,248.17278,1206.3123,234.69714,179.35341,1285.0544,222.21545,110.79128,1319.9169,219.79782,97.51119,1326.8894,344.51907,400.2929,1042.8644,344.51907,550.80023,1042.8644,344.51907,692.3751,1042.8644,266.47937,397.98068,1067.7429,266.47937,544.9812,1067.7429,266.47937,683.2573,1067.7429
2022-09-20 14:09:29.058760,1,321.99213,201.36708,1167.6284,322.58655,238.92545,1163.3943,310.07938,344.63156,1131.7739,305.87924,412.40134,1065.7186,319.39456,265.90283,1155.1577,379.66028,258.3945,1114.9534,427.21674,173.93353,1059.39,468.11414,85.16684,1004.8187,476.83255,66.24378,993.9045,319.39456,265.90283,1155.1577,266.98718,248.61691,1206.0964,234.69695,179.90564,1284.5875,221.77197,111.59735,1320.2513,219.27032,98.37617,1327.3842,343.96652,400.17328,1043.4342,343.96652,550.50916,1043.4342,343.96652,691.9228,1043.4342,267.06644,397.91614,1067.735,267.06644,544.8305,1067.735,267.06644,683.02563,1067.735
2022-09-20 14:09:29.094289,1,321.99487,201.39702,1167.6234,322.7428,238.92543,1163.375,310.15817,343.71103,1132.0454,305.9311,411.4413,1066.8127,319.50504,265.88477,1155.15,379.7916,258.43692,1114.8514,427.22296,173.99408,1059.3403,468.13965,85.20286,1003.5318,476.87524,66.2462,992.3701,319.50504,265.88477,1155.15,267.12137,248.59076,1205.944,234.49248,180.15797,1284.5756,220.93774,112.22863,1321.3562,218.31683,99.094055,1328.7123,343.46982,400.05728,1043.9469,343.46982,550.24805,1043.9469,343.46982,691.525,1043.9469,267.5982,397.8626,1067.5549,267.5982,544.732,1067.5549,267.5982,682.8848,1067.5549
2022-09-20 14:09:29.127559,1,321.99738,201.42456,1167.6178,322.88895,238.92542,1163.3553,310.21973,342.97342,1132.2634,305.97406,410.67078,1067.67,319.60812,265.8696,1155.1411,379.928,258.48145,1114.7439,427.2354,174.03732,1059.3535,468.16742,85.24677,1002.71625,476.91504,66.27125,991.3888,319.60812,265.8696,1155.1411,267.23175,248.61508,1205.7391,234.37851,180.34135,1284.3425,220.30582,112.53456,1321.0157,217.58452,99.422485,1328.3503,343.0234,399.92334,1044.4081,343.0234,549.9907,1044.4081,343.0234,691.15173,1044.4081,268.07803,397.8006,1067.3444,268.07803,544.6432,1067.3444,268.07803,682.7708,1067.3444
2022-09-20 14:09:29.174448,1,322.00092,201.45018,1167.6124,323.02924,238.9254,1163.3357,310.2667,342.3815,1132.4388,306.00977,410.05176,1068.3458,319.70697,265.85663,1155.1316,380.07147,258.52917,1114.6309,427.25284,174.067,1059.3601,468.24518,85.28119,1001.8386,477.01508,66.28636,990.33435,319.70697,265.85663,1155.1316,267.3283,248.63199,1205.5718,234.41922,180.44173,1284.2476,219.6792,112.74751,1320.5233,216.82785,99.65253,1327.7784,342.6211,399.8588,1044.823,342.6211,549.821,1044.823,342.6211,690.88306,1044.823,268.51315,397.8153,1067.1926,268.51315,544.6341,1067.1926,268.51315,682.7393,1067.1926
2022-09-20 14:09:29.205712,1,322.00433,201.47394,1167.6073,323.1398,238.92537,1163.3156,310.30478,341.90967,1132.5792,306.03827,409.55777,1068.8772,319.78464,265.84637,1155.1208,380.19702,258.5713,1114.5309,427.27148,174.09134,1059.2612,468.36108,85.27761,1000.4258,477.16586,66.24638,988.6587,319.78464,265.84637,1155.1208,267.39252,248.66544,1205.4186,234.44582,180.53127,1284.131,219.24971,112.89037,1319.9808,216.30902,99.800705,1327.1508,342.25916,399.79135,1045.196,342.25916,549.6635,1045.196,342.25916,690.6409,1045.196,268.90704,397.8246,1066.9816,268.90704,544.6367,1066.9816,268.90704,682.73566,1066.9816
2022-09-20 14:09:29.227862,1,322.00732,201.49681,1167.6024,323.24915,238.92535,1163.2952,310.33246,341.5307,1132.6925,306.06213,409.16083,1069.2991,319.86124,265.83746,1155.1096,380.32947,258.61658,1114.4249,427.2895,174.105,1059.1239,468.36398,85.25276,999.6135,477.17285,66.197495,987.7114,319.86124,265.83746,1155.1096,267.45554,248.72984,1205.2848,234.49597,180.61003,1283.9497,219.12946,112.79613,1318.5409,216.15237,99.65808,1325.4591,341.93344,399.72385,1045.5314,341.93344,549.5188,1045.5314,341.93344,690.4236,1045.5314,269.26212,397.8294,1066.7977,269.26212,544.63824,1066.7977,269.26212,682.7342,1066.7977
2022-09-20 14:09:29.259136,1,322.01053,201.51566,1167.597,323.30334,238.92534,1163.2698,310.3594,341.23422,1132.7825,306.0794,408.84964,1069.6265,319.89917,265.83185,1155.0939,380.4156,258.64648,1114.355,427.26245,174.1007,1058.9961,468.33054,85.203255,998.7023,477.14648,66.11996,986.6435,319.89917,265.83185,1155.0939,267.46252,248.80125,1205.1316,234.58005,180.63986,1283.743,218.79214,112.31558,1314.7654,215.72356,99.03583,1320.9698,341.64066,399.67612,1045.8346,341.64066,549.4044,1045.8346,341.64066,690.24646,1045.8346,269.58664,397.85715,1066.5125,269.58664,544.6825,1066.5125,269.58664,682.7938,1066.5125
2022-09-20 14:09:29.305998,1,322.01477,201.53145,1167.5914,323.32352,238.92531,1163.2446,310.38397,341.00098,1132.8539,306.09213,408.6043,1069.8826,319.91315,265.8284,1155.0778,380.47012,258.6662,1114.31,427.08124,174.0203,1058.9403,468.2021,85.05838,997.09564,477.04605,65.92507,984.7267,319.91315,265.8284,1155.0778,267.4463,248.86702,1205.0374,234.64037,180.6424,1283.5015,218.04965,111.20311,1306.5374,214.80148,97.60805,1311.1445,341.37698,399.63358,1046.1068,341.37698,549.3043,1046.1068,341.37698,690.0922,1046.1068,269.86588,397.8268,1066.6382,269.86588,544.6166,1066.6382,269.86588,682.6945,1066.6382
2022-09-20 14:09:29.328165,1,322.0196,201.54552,1167.5856,323.34305,238.9253,1163.219,310.40268,340.81415,1132.9119,306.10266,408.40778,1070.0863,319.92657,265.82568,1155.0609,380.52222,258.6864,1114.267,426.82904,173.9023,1058.8384,467.7436,84.752815,995.1549,476.56305,65.535965,982.4182,319.92657,265.82568,1155.0609,267.42722,248.93881,1204.9099,234.72563,180.61903,1283.1805,217.22217,110.03641,1297.22,213.76685,96.10281,1300.0278,341.14014,399.5928,1046.3536,341.14014,549.21344,1046.3536,341.14014,689.9542,1046.3536,270.11652,397.79633,1066.7684,270.11652,544.55365,1066.7684,270.11652,682.6011,1066.7684
2022-09-20 14:09:29.359424,1,322.02164,201.5589,1167.5802,323.34552,238.92526,1163.1938,310.41895,340.66727,1132.9581,306.11057,408.25302,1070.246,319.92795,265.82413,1155.0442,380.5622,258.70233,1114.2334,426.4046,173.70108,1058.519,466.49643,84.067116,992.1876,475.1668,64.68266,978.9213,319.92795,265.82413,1155.0442,267.42743,249.00905,1205.0367,234.84836,180.48894,1282.6375,216.60658,109.19667,1290.4362,212.98463,95.04148,1291.9958,340.92706,399.55624,1046.5759,340.92706,549.1333,1046.5759,340.92706,689.8331,1046.5759,270.3419,397.76373,1066.8839,270.3419,544.4936,1066.8839,270.3419,682.5152,1066.8839
2022-09-20 14:09:29.406309,1,322.02338,201.57237,1167.5745,323.3461,238.92525,1163.1685,310.43164,340.5505,1132.9956,306.11694,408.12988,1070.3723,319.92795,265.82312,1155.0271,380.6024,258.7184,1114.1997,425.7787,173.40456,1057.9681,464.17047,82.95875,988.71234,472.50342,63.32749,974.8612,319.92795,265.82312,1155.0271,267.42377,249.06818,1205.174,235.00717,180.2315,1281.6807,216.4606,108.81531,1288.3344,212.77428,94.62049,1289.665,340.73694,399.52344,1046.7856,340.73694,549.0612,1046.7856,340.73694,689.724,1046.7856,270.54584,397.74304,1066.9677,270.54584,544.4522,1066.9677,270.54584,682.45435,1066.9677
2022-09-20 14:09:29.428664,1,322.02417,201.58578,1167.5668,323.34595,238.92522,1163.1382,310.44168,340.4571,1133.027,306.1221,408.03122,1070.473,319.9274,265.82263,1155.0065,380.64307,258.7343,1114.1654,425.03052,173.0621,1056.86,461.51282,81.72167,983.70483,469.47025,61.798717,969.0738,319.9274,265.82263,1155.0065,267.39505,249.19478,1205.0736,235.12488,179.95566,1280.1422,216.25958,108.338905,1285.3036,212.50467,94.08452,1286.3358,340.564,399.4993,1046.9646,340.564,549.0041,1046.9646,340.564,689.6359,1046.9646,270.72983,397.73224,1067.0394,270.72983,544.4243,1067.0394,270.72983,682.41034,1067.0394
2022-09-20 14:09:29.475562,1,322.0249,201.59908,1167.5536,323.3457,238.92519,1163.1045,310.44907,340.38223,1133.0533,306.1264,407.95206,1070.5533,319.9267,265.82254,1154.9834,380.6845,258.75238,1114.1305,424.1748,172.69926,1054.8807,459.52185,80.751015,980.21576,467.2475,60.654438,965.2828,319.9267,265.82254,1154.9834,267.37473,249.2886,1205.0693,235.12653,179.53389,1277.8352,216.00375,107.67574,1281.6553,212.19287,93.35549,1282.4193,340.40927,399.47147,1047.1296,340.40927,548.9469,1047.1296,340.40927,689.55115,1047.1296,270.89456,397.70364,1067.102,270.89456,544.3814,1067.102,270.89456,682.354,1067.102
2022-09-20 14:09:29.491333,1,322.0257,201.60995,1167.492,323.34552,238.92516,1163.0681,310.4547,340.322,1133.0759,306.12997,407.88818,1070.6177,319.92596,265.82275,1154.9584,380.72943,258.76782,1114.0925,422.99823,172.24857,1051.4998,457.32782,79.66244,978.5866,464.81693,59.464527,964.00397,319.92596,265.82275,1154.9584,267.35776,249.42183,1205.0509,234.74545,179.13217,1274.4702,215.72797,107.015816,1278.0485,211.93723,92.64098,1278.7642,340.27087,399.4496,1047.2808,340.27087,548.899,1047.2808,340.27087,689.47864,1047.2808,271.04382,397.69577,1067.1385,271.04382,544.36414,1067.1385,271.04382,682.3278,1067.1385
2022-09-20 14:09:29.528957,1,322.0251,201.62086,1167.4231,323.34528,238.92511,1163.0273,310.45865,340.27298,1133.0958,306.13303,407.8361,1070.6697,319.92508,265.8233,1154.9303,380.7768,258.78427,1114.0526,421.7377,171.84253,1047.3842,454.4759,78.415085,976.8891,461.59885,58.08783,962.7901,319.92508,265.8233,1154.9303,267.337,249.53659,1205.0391,233.9097,178.3643,1268.1707,215.36633,106.02694,1273.8235,211.6774,91.63645,1274.9541,340.14648,399.4276,1047.4158,340.14648,548.8543,1047.4158,340.14648,689.41266,1047.4158,271.17813,397.68918,1067.1637,271.17813,544.3507,1067.1637,271.17813,682.30804,1067.1637
2022-09-20 14:09:29.560403,1,322.0245,201.6225,1167.141,323.3451,238.92503,1162.9431,310.46127,340.23462,1133.1188,306.13556,407.79462,1070.7092,319.9241,265.8253,1154.872,380.83118,258.80304,1114.0033,420.79163,171.56044,1044.7124,452.48547,77.58652,975.13635,459.37482,57.159225,961.2211,319.9241,265.8253,1154.872,267.3175,249.64365,1205.0258,232.8641,177.29071,1259.3518,215.00795,104.780205,1268.7638,211.46848,90.40702,1270.6462,340.03687,399.43396,1047.5468,340.03687,548.8395,1047.5468,340.03687,689.37787,1047.5468,271.30142,397.7525,1067.1837,271.30142,544.4088,1067.1837,271.30142,682.36127,1067.1837
2022-09-20 14:09:29.607112,1,322.02408,201.62347,1166.8265,323.34497,238.92496,1162.8555,310.4629,340.20343,1133.14,306.13773,407.76065,1070.741,319.9231,265.8275,1154.8112,380.88354,258.82114,1113.9558,419.8744,171.18456,1044.7577,450.8409,76.97927,974.04297,457.58173,56.47261,959.9,319.9231,265.8275,1154.8112,267.26303,249.52132,1205.0493,232.32071,176.80481,1255.9691,215.02534,103.9849,1265.5887,211.59776,89.553566,1267.5127,339.93982,399.4438,1047.6696,339.93982,548.83,1047.6696,339.93982,689.3503,1047.6696,271.4101,397.79526,1067.2329,271.4101,544.44305,1067.2329,271.4101,682.3875,1067.2329
2022-09-20 14:09:29.628946,1,322.0236,201.62323,1166.4443,323.3451,238.92477,1162.6594,310.4629,340.18243,1133.1736,306.13956,407.73596,1070.7595,319.92175,265.83307,1154.6752,380.9444,258.84183,1113.8003,419.2136,170.89784,1044.8854,449.19553,76.45626,974.69275,455.7177,55.911793,960.65424,319.92175,265.83307,1154.6752,267.209,249.37631,1205.0402,232.13873,176.67012,1255.6085,215.37881,103.55813,1264.2318,212.05423,89.05525,1265.9564,339.85266,399.4506,1047.7773,339.85266,548.8203,1047.7773,339.85266,689.32513,1047.7773,271.50793,397.85242,1067.2871,271.50793,544.4917,1067.2871,271.50793,682.42804,1067.2871
2022-09-20 14:09:29.660221,1,322.02722,201.51173,1163.2635,323.3459,238.92438,1162.231,310.46082,340.176,1133.2357,306.1409,407.7235,1070.7574,319.91995,265.84555,1154.3778,381.03168,258.87115,1113.4917,419.20013,170.84474,1044.8882,447.36353,75.97724,975.5083,453.48383,55.36106,961.6323,319.91995,265.84555,1154.3778,267.1659,249.21465,1205.001,231.81473,176.45985,1254.4608,215.75235,103.00757,1262.2961,212.56377,88.4264,1263.8632,339.77838,399.45712,1047.8859,339.77838,548.8108,1047.8859,339.77838,689.3005,1047.8859,271.59158,397.836,1067.3153,271.59158,544.4709,1067.3153,271.59158,682.4031,1067.3153
2022-09-20 14:09:29.691472,1,322.03656,201.36902,1157.7562,323.34784,238.92361,1161.397,310.45587,340.18924,1133.3488,306.14163,407.72687,1070.7251,319.91736,265.86987,1153.7988,381.1411,258.90588,1112.6158,419.15955,170.70003,1044.8145,445.7571,75.47814,976.0231,451.53296,54.8,962.2648,319.91736,265.86987,1153.7988,267.15317,249.05185,1204.9329,231.64188,176.21765,1253.4689,216.65117,102.3044,1260.0859,213.67189,87.6148,1261.4093,339.71664,399.53638,1048.0028,339.71664,548.8733,1048.0028,339.71664,689.34717,1048.0028,271.6664,397.86353,1067.3395,271.6664,544.49493,1067.3395,271.6664,682.4239,1067.3395
2022-09-20 14:09:29.729243,1,322.04968,201.28629,1151.7593,323.35034,238.92268,1160.3914,310.2074,341.88217,1132.9908,306.0669,409.54498,1068.7725,319.90695,265.8975,1153.0852,381.24933,258.93985,1111.5269,418.97162,170.46158,1044.9587,444.1972,74.97491,976.95386,449.66968,54.25983,963.3529,319.90695,265.8975,1153.0852,267.009,247.70677,1205.0864,230.95969,175.076,1252.8152,218.13539,100.39597,1257.0927,215.581,85.52091,1257.9481,339.6679,399.6389,1048.1393,339.6679,548.95667,1048.1393,339.6679,689.41254,1048.1393,271.7321,397.89816,1067.3861,271.7321,544.5235,1067.3861,271.7321,682.44666,1067.3861
2022-09-20 14:09:29.760518,1,322.06052,201.25095,1147.0969,323.353,238.92169,1159.3254,310.00253,343.2432,1132.7715,306.0163,411.03152,1067.0841,319.89706,265.92654,1152.3329,381.36432,258.74515,1109.4941,419.02637,169.96683,1044.5024,442.7133,74.10453,976.6548,447.8512,53.311268,963.08527,319.89706,265.92654,1152.3329,266.90524,246.36667,1205.2173,230.26776,173.94907,1252.0426,219.96838,98.51821,1253.9297,217.91223,83.45928,1254.3071,339.6328,399.7303,1048.2863,339.6328,549.0278,1048.2863,339.6328,689.4646,1048.2863,271.7895,397.95197,1067.3785,271.7895,544.5789,1067.3785,271.7895,682.5038,1067.3785
2022-09-20 14:09:29.791947,1,322.05844,201.18205,1146.41,323.3559,238.92062,1158.179,309.82803,344.3381,1132.6613,305.98413,412.25583,1065.6149,319.88638,265.95724,1151.5254,381.20605,258.42007,1104.0624,419.35797,169.14977,1042.8777,441.70892,72.85752,976.2199,446.5504,51.999233,962.88837,319.88638,265.95724,1151.5254,266.8228,244.20808,1205.6908,229.22977,172.24567,1251.5153,220.99963,96.25076,1251.1802,219.3531,81.0469,1251.1132,339.6073,399.9091,1048.4312,339.6073,549.1869,1048.4312,339.6073,689.6053,1048.4312,271.83743,398.03317,1067.3492,271.83743,544.66516,1067.3492,271.83743,682.59467,1067.3492
2022-09-20 14:09:29.829535,1,322.05438,201.12141,1146.373,323.35907,238.91946,1156.9393,309.67685,345.2194,1132.6455,305.964,413.26498,1064.2966,319.87476,265.98978,1150.6543,380.96985,258.0186,1097.9274,419.78824,168.28001,1041.0372,441.34198,71.65467,975.9712,446.00226,50.762676,962.958,319.87476,265.98978,1150.6543,266.9538,242.67621,1206.7378,228.42209,171.02728,1250.6753,220.91562,94.57109,1247.5776,219.40985,79.234276,1246.9581,339.59326,400.12805,1048.5903,339.59326,549.3845,1048.5903,339.59326,689.7828,1048.5903,271.8767,398.15082,1067.3557,271.8767,544.7832,1067.3557,271.8767,682.7131,1067.3557
2022-09-20 14:09:29.860813,1,322.05054,201.08142,1146.5267,323.36218,238.9183,1155.6978,309.5485,345.92667,1132.6989,305.95255,414.09662,1063.1328,319.8634,266.02173,1149.7847,381.57037,256.13925,1094.8445,420.85577,166.14095,1039.1749,441.25146,69.023796,975.0063,445.657,48.04591,962.17255,319.8634,266.02173,1149.7847,267.3458,242.88087,1208.6971,228.35228,170.97168,1248.9271,221.46338,94.471306,1246.8479,220.08284,79.1406,1246.432,339.58618,400.3572,1048.7137,339.58618,549.59766,1048.7137,339.58618,689.98083,1048.7137,271.90646,398.32434,1067.3416,271.90646,544.96014,1067.3416,271.90646,682.89325,1067.3416
2022-09-20 14:09:29.907690,1,322.0481,201.05319,1146.9923,323.36523,238.91716,1154.4814,309.4403,346.49338,1132.8043,305.94708,414.78214,1062.1135,319.8528,266.05243,1148.9357,382.18134,254.38362,1092.4086,421.86377,164.18076,1037.5492,440.94318,66.62962,974.78357,445.05774,45.592236,962.23047,319.8528,266.05243,1148.9357,268.40112,242.70244,1214.2681,228.23306,170.6547,1247.1793,221.81694,94.00626,1245.115,220.53116,78.64607,1244.7021,339.59607,400.535,1048.841,339.59607,549.75916,1048.841,339.59607,690.1271,1048.841,271.92383,398.50903,1067.3215,271.92383,545.14935,1067.3215,271.92383,683.0868,1067.3215
2022-09-20 14:09:29.929833,1,322.04605,201.03534,1147.4865,323.3683,238.916,1153.249,309.34717,346.94766,1132.958,305.94653,415.34888,1061.217,319.84238,266.08286,1148.0784,382.55157,253.497,1090.4623,422.55405,163.16385,1036.3916,440.797,65.38031,975.1029,444.72427,44.329773,962.84515,319.84238,266.08286,1148.0784,269.5511,242.53175,1219.5376,228.27222,170.52274,1245.9838,222.31627,93.733185,1243.673,221.12244,78.34103,1243.2108,339.61243,400.7395,1048.948,339.61243,549.9505,1048.948,339.61243,690.3059,1048.948,271.9281,398.6618,1067.2897,271.9281,545.30853,1067.2897,271.9281,683.25195,1067.2897
2022-09-20 14:09:29.961108,1,322.04413,201.03143,1148.3792,323.37125,238.91487,1152.0596,309.2582,347.31006,1133.1267,305.94678,415.80246,1060.2993,319.8303,266.11127,1147.2501,382.73236,253.56216,1089.1134,422.87897,163.14513,1035.7693,440.53204,65.33252,976.7187,444.32193,44.333374,964.90857,319.8303,266.11127,1147.2501,270.02396,242.35748,1221.3381,228.60538,170.2103,1245.3596,222.82498,93.25686,1242.1194,221.66527,77.81796,1241.4713,339.6313,400.98135,1049.0625,339.6313,550.17834,1049.0625,339.6313,690.5206,1049.0625,271.93857,398.91913,1067.2682,271.93857,545.57104,1067.2682,271.93857,683.51935,1067.2682
2022-09-20 14:09:30.007987,1,322.04285,201.03336,1149.2188,323.37433,238.91368,1150.8363,309.18027,347.5994,1133.3354,305.9488,416.15897,1059.4459,319.81866,266.13983,1146.4017,382.96967,253.79663,1088.7258,423.33755,163.43526,1035.1023,440.2906,65.63213,978.7074,443.91843,44.703197,967.4284,319.81866,266.13983,1146.4017,269.86472,242.23543,1220.122,228.9237,169.77086,1244.5074,223.34894,92.59775,1239.9901,222.22913,77.095604,1239.0867,339.64746,401.27448,1049.16,339.64746,550.4601,1049.16,339.64746,690.7917,1049.16,271.9484,399.21225,1067.2551,271.9484,545.86847,1067.2551,271.9484,683.82074,1067.2551
2022-09-20 14:09:30.030135,1,322.04144,201.042,1150.0642,323.37723,238.91257,1149.6938,309.11215,347.82877,1133.5507,305.95267,416.4383,1058.6818,319.80777,266.16586,1145.6115,383.22635,254.03261,1088.9634,423.9431,163.84647,1034.262,439.50848,66.005516,980.8513,442.8272,45.144592,970.1692,319.80777,266.16586,1145.6115,269.748,242.24239,1218.9758,229.60962,169.39352,1244.489,224.24364,92.000984,1238.2128,223.16391,76.42823,1236.9575,339.6738,401.56992,1049.2749,339.6738,550.74194,1049.2749,339.6738,691.0607,1049.2749,271.9418,399.42584,1067.2307,271.9418,546.0881,1067.2307,271.9418,684.046,1067.2307
2022-09-20 14:09:30.061410,1,322.04004,201.05515,1150.8699,323.38,238.91145,1148.5432,309.0678,348.01117,1133.8062,305.95142,416.63098,1058.0193,319.80124,266.192,1144.8224,383.3097,255.03622,1089.6669,423.91483,164.93066,1034.1967,438.4811,67.202934,983.2659,441.5774,46.429764,973.0798,319.80124,266.192,1144.8224,269.753,242.22415,1218.2998,230.16415,169.10132,1244.4131,225.66765,91.69811,1238.5566,224.76324,76.12955,1237.3854,339.76508,401.16577,1049.3276,339.76508,550.33325,1049.3276,339.76508,690.6477,1049.3276,271.8623,399.02582,1067.2103,271.8623,545.6937,1067.2103,271.8623,683.6571,1067.2103
2022-09-20 14:09:30.103046,1,322.04126,201.05577,1151.7852,323.38245,238.91039,1147.5194,309.02927,348.15463,1134.042,305.95078,416.75494,1057.4235,319.79504,266.21463,1144.121,383.1497,256.79007,1090.4723,424.21536,167.06767,1033.5573,437.5785,69.36808,986.63525,440.40515,48.702335,977.25085,319.79504,266.21463,1144.121,269.15884,242.25658,1215.112,230.93567,168.65916,1244.659,227.43883,91.03311,1238.4055,226.73521,75.41372,1237.1548,339.85602,400.79446,1049.3873,339.85602,549.9566,1049.3873,339.85602,690.2661,1049.3873,271.78104,398.61856,1067.1863,271.78104,545.2929,1067.1863,271.78104,683.26227,1067.1863
2022-09-20 14:09:30.130216,1,322.0423,201.02744,1152.6761,323.38373,238.90979,1147.0188,308.99484,348.2681,1134.1475,305.94968,416.83966,1056.9102,319.78967,266.22543,1143.7765,382.78528,258.95676,1091.6826,424.24792,169.67365,1033.2891,436.6488,71.45486,989.01227,439.26337,50.746258,980.1569,319.78967,266.22543,1143.7765,268.55502,242.30215,1212.405,231.1395,168.58202,1245.2522,229.31494,90.28925,1238.223,228.94754,74.52391,1236.8171,339.96738,400.39932,1049.5049,339.96738,549.54816,1049.5049,339.96738,689.84515,1049.5049,271.71024,398.38956,1067.1459,271.71024,545.0729,1067.1459,271.71024,683.0506,1067.1459
2022-09-20 14:09:30.161495,1,322.0398,200.99216,1153.5078,323.38446,238.90944,1146.7112,308.97452,348.35965,1134.2153,305.9454,416.87982,1056.5088,319.7872,266.23242,1143.566,382.50024,260.63315,1092.7556,423.14294,171.21767,1034.4313,434.92133,72.79518,990.8777,437.4024,52.06321,982.167,319.7872,266.23242,1143.566,268.29767,243.1963,1211.2863,231.43282,169.2757,1245.3733,230.77042,90.647224,1238.1111,230.63702,74.810715,1236.6587,340.03543,400.0728,1049.4481,340.03543,549.2334,1049.4481,340.03543,689.5414,1049.4481,271.63803,398.07462,1067.1125,271.63803,544.76605,1067.1125,271.63803,682.7515,1067.1125
2022-09-20 14:09:30.192744,1,322.03735,200.9309,1153.8951,323.38513,238.90915,1146.4319,308.96027,348.43344,1134.2816,305.9428,416.88742,1056.2231,319.78564,266.23895,1143.3757,382.14697,262.42874,1093.7886,422.39294,173.0718,1035.1025,432.45367,74.50605,993.9834,434.5666,53.806137,985.7596,319.78564,266.23895,1143.3757,268.12454,245.78593,1209.8214,232.30873,171.24869,1244.5441,232.81714,92.36168,1237.9042,232.91948,76.48261,1236.5762,340.09454,399.8322,1049.4175,340.09454,549.00104,1049.4175,340.09454,689.3168,1049.4175,271.58005,397.8427,1067.0137,271.58005,544.5516,1067.0137,271.58005,682.5534,1067.0137
2022-09-20 14:09:30.230521,1,322.03506,200.86989,1154.254,323.38586,238.90884,1146.1189,308.9485,348.49268,1134.3599,305.9404,416.85922,1055.9652,319.7842,266.24622,1143.1627,381.64386,264.62167,1095.0077,421.86435,175.53288,1035.5116,429.13196,76.57395,997.29834,430.65283,55.865116,989.6557,319.7842,266.24622,1143.1627,268.0134,248.88536,1207.88,233.24292,173.74812,1243.566,234.57706,94.38536,1237.5333,234.84544,78.41986,1236.3268,340.15247,399.5721,1049.4224,340.15247,548.74445,1049.4224,340.15247,689.0635,1049.4224,271.52826,397.59998,1066.9453,271.52826,544.3223,1066.9453,271.52826,682.3369,1066.9453
2022-09-20 14:09:30.261785,1,322.0312,200.82051,1154.6519,323.38647,238.90852,1145.7893,308.94083,348.54044,1134.4464,305.94974,416.87506,1056.0441,319.7833,266.25397,1142.9388,381.94028,264.67358,1095.6345,424.5584,174.65323,1031.3098,426.85718,76.31351,1000.66943,427.33395,55.91845,994.5414,319.7833,266.25397,1142.9388,267.5518,250.9471,1204.2557,232.8987,174.26677,1243.895,237.08754,95.388145,1237.7114,237.93033,79.51775,1236.4747,340.1795,399.78174,1049.3718,340.1795,548.9657,1049.3718,340.1795,689.2958,1049.3718,271.49316,397.72925,1066.8579,271.49316,544.4681,1066.8579,271.49316,682.4981,1066.8579
2022-09-20 14:09:30.293032,1,322.02692,200.78365,1155.0636,323.3869,238.9082,1145.4541,309.11374,348.59167,1134.6698,305.87555,416.6871,1056.4552,319.82663,266.2674,1142.745,382.16394,264.81693,1096.3995,426.52338,175.04808,1027.9973,424.9502,77.78979,1006.49854,424.6274,57.837406,1002.1988,319.82663,266.2674,1142.745,266.86865,251.00035,1201.2156,232.0227,174.17525,1244.4989,239.01797,95.79705,1237.8857,240.426,80.02081,1236.5631,340.20056,400.15536,1049.3301,340.20056,549.3501,1049.3301,340.20056,689.6903,1049.3301,271.45822,397.95483,1066.8175,271.45822,544.7039,1066.8175,271.45822,682.74365,1066.8175
2022-09-20 14:09:30.330746,1,322.02298,200.74521,1155.255,323.38742,238.90782,1145.051,309.373,348.64145,1134.9618,305.77423,416.2104,1057.1566,319.89102,266.28473,1142.5172,382.39087,264.88312,1097.2345,429.4419,177.69547,1023.24567,422.88733,81.755165,1011.5452,421.5582,62.300156,1009.20514,319.89102,266.28473,1142.5172,266.1608,250.96822,1197.787,231.8976,174.88329,1243.8583,241.36288,97.00502,1237.5576,243.26752,81.334114,1236.2975,340.2171,400.5257,1049.2933,340.2171,549.73083,1049.2933,340.2171,690.0808,1049.2933,271.41898,398.087,1066.7953,271.41898,544.84424,1066.7953,271.41898,682.8916,1066.7953
2022-09-20 14:09:30.362020,1,322.01932,200.71658,1155.4003,323.3865,238.90753,1144.6177,309.79773,348.6972,1135.3547,305.7239,415.67444,1060.0201,319.99518,266.30746,1142.2919,382.5807,264.9357,1097.9904,430.6864,180.02492,1020.5431,421.03534,85.5419,1017.9883,419.0993,66.588356,1017.4773,319.99518,266.30746,1142.2919,265.5621,250.93617,1194.6578,231.62773,176.02982,1243.0214,245.3847,99.0001,1237.1577,248.15178,83.50645,1235.985,340.15417,403.051,1049.2715,340.15417,552.26483,1049.2715,340.15417,692.6229,1049.2715,271.41684,399.95422,1066.6924,271.41684,546.73114,1066.6924,271.41684,684.797,1066.6924
2022-09-20 14:09:30.393454,1,322.01318,200.75694,1156.1908,323.38452,238.91356,1144.4028,310.26776,348.75787,1135.71,305.83755,415.33844,1064.8754,320.11035,266.33276,1142.2205,382.7276,264.96466,1098.86,436.75418,184.3739,1010.39294,418.7471,92.828384,1025.2183,415.208,74.836075,1028.1833,320.11035,266.33276,1142.2205,265.85355,250.9794,1196.4401,230.77704,176.43703,1242.4786,248.74557,100.45484,1236.9685,252.35852,85.1771,1235.8665,340.0805,406.9764,1049.109,340.0805,556.21936,1049.109,340.0805,696.60486,1049.109,271.41245,403.26288,1066.1035,271.41245,550.1268,1066.1035,271.41245,688.2744,1066.1035
2022-09-20 14:09:30.431038,1,322.00708,200.8112,1156.9122,323.38242,238.9213,1144.2104,310.52625,348.80246,1135.9093,306.02704,415.24863,1068.8225,320.17288,266.35303,1142.1267,382.80023,264.9689,1098.6702,442.8291,189.25946,1001.3622,416.13556,101.61533,1032.9985,410.99188,84.72678,1039.3258,320.17288,266.35303,1142.1267,265.71817,251.01929,1195.817,228.82648,177.45653,1241.9948,252.97346,103.351295,1236.583,257.82825,88.45233,1235.5006,340.06476,409.26108,1048.5118,340.06476,558.59546,1048.5118,340.06476,699.06696,1048.5118,271.45453,406.38812,1065.3751,271.45453,553.35876,1065.3751,271.45453,691.6068,1065.3751
2022-09-20 14:09:30.462313,1,322.00073,200.94524,1157.8309,323.37994,238.98073,1144.1326,310.6268,348.88617,1135.9869,306.189,415.52277,1071.4806,320.19617,266.41833,1142.0881,382.85498,265.0254,1098.5348,450.97955,197.43987,989.3936,417.4426,113.33501,1036.5338,411.09796,97.42377,1045.9619,320.19617,266.41833,1142.0881,265.34277,250.72466,1194.3358,223.63838,180.03932,1241.3127,256.70828,109.64635,1236.5089,263.35312,95.50206,1235.5481,339.8971,410.27502,1047.4534,339.8971,559.7672,1047.4534,339.8971,700.3872,1047.4534,271.53525,408.33688,1064.39,271.53525,555.4503,1064.39,271.53525,693.83276,1064.39
2022-09-20 14:09:30.493565,1,321.96902,201.47957,1159.0923,323.36615,239.21965,1144.1104,310.61157,349.14252,1135.9827,306.2452,416.11517,1072.2765,320.18225,266.65952,1142.0706,382.97937,265.11246,1099.0361,459.1067,208.89455,975.01514,420.98294,127.167076,1035.5259,413.88666,111.95453,1047.628,320.18225,266.65952,1142.0706,264.70947,250.20464,1191.7325,217.48056,183.74869,1241.6207,258.00555,117.55896,1236.791,266.14856,104.25894,1235.8251,340.33734,412.07547,1045.2284,340.33734,561.89325,1045.2284,340.33734,702.81946,1045.2284,270.892,410.7405,1062.7229,270.892,558.092,1062.7229,270.892,696.69824,1062.7229
2022-09-20 14:09:30.531342,1,321.92883,202.41501,1160.0977,323.34137,239.63937,1144.1018,310.5472,349.57755,1135.9451,306.21362,416.8395,1071.7311,320.14786,267.0806,1142.0549,383.14542,265.17892,1099.4434,463.90863,218.1691,965.2789,420.5807,140.11748,1039.8904,412.65063,125.83217,1054.8127,320.14786,267.0806,1142.0549,264.4863,250.1742,1191.0365,213.31873,187.04007,1241.7954,259.4612,124.80748,1237.2235,268.73068,112.305725,1236.3091,340.5514,413.41678,1042.5977,340.5514,563.6204,1042.5977,340.5514,704.90955,1042.5977,270.3041,411.53027,1060.9117,270.3041,559.1409,1060.9117,270.3041,697.9911,1060.9117
2022-09-20 14:09:30.562621,1,321.5182,202.92712,1161.8093,323.29095,240.35886,1144.0979,310.44342,350.31396,1135.8799,306.15665,417.82315,1070.6619,320.08447,267.80167,1142.0358,383.36023,265.27557,1099.7655,463.50262,218.74344,962.23694,415.89514,142.54042,1045.4995,407.26932,128.73347,1062.152,320.08447,267.80167,1142.0358,264.4591,250.45721,1191.4396,214.49553,185.77744,1239.5078,265.52972,125.66489,1237.1033,275.76038,113.61432,1236.6223,340.4986,414.7088,1039.329,340.4986,565.393,1039.329,340.4986,707.1342,1039.329,269.81204,412.08057,1058.7708,269.81204,559.9978,1058.7708,269.81204,699.1363,1058.7708
2022-09-20 14:09:30.595615,1,321.0507,204.34422,1162.6758,323.06857,242.00824,1144.0945,309.77118,351.94583,1135.7355,306.18173,419.71768,1068.4973,319.75024,269.4429,1141.9971,383.65143,265.45123,1099.2747,463.18744,219.39807,958.2794,412.62128,145.58463,1049.3373,403.5432,132.33296,1067.5488,319.75024,269.4429,1141.9971,264.11832,250.92564,1191.4233,214.85172,185.34155,1237.809,270.7657,129.0017,1237.3594,281.95337,117.7288,1237.2694,340.44986,415.2475,1036.3694,340.44986,566.37054,1036.3694,340.44986,708.52466,1036.3694,269.31735,412.2869,1057.2164,269.31735,560.43,1057.2164,269.31735,699.78094,1057.2164
2022-09-20 14:09:30.631396,1,320.69058,206.07593,1162.7714,322.42468,244.02502,1144.0913,307.83737,353.8402,1135.5609,306.55038,421.84912,1065.8978,318.785,271.42508,1141.9509,383.33655,266.54422,1099.2072,461.81934,220.5254,955.30176,409.14075,148.91933,1054.636,399.77383,136.18684,1074.5028,318.785,271.42508,1141.9509,263.37344,251.46597,1191.732,214.61185,185.17671,1236.4108,275.1734,132.82884,1237.816,287.2692,122.37352,1238.097,340.72638,415.36084,1035.4395,340.72638,566.62854,1035.4395,340.72638,708.91864,1035.4395,268.6618,412.26898,1057.2478,268.6618,560.4164,1057.2478,268.6618,699.7714,1057.2478
2022-09-20 14:09:30.662675,1,320.4815,207.64412,1162.2487,321.22037,245.90842,1144.0842,304.87048,355.51852,1135.3596,307.2085,423.45764,1062.7648,317.14154,273.253,1141.8951,382.1671,268.7415,1099.7776,459.9793,221.9559,957.09705,407.34753,149.6814,1057.5056,397.99817,136.84276,1077.5873,317.14154,273.253,1141.8951,262.03622,251.9627,1192.2656,214.09802,184.65884,1234.637,279.09216,136.60068,1238.6202,292.04086,127.0261,1239.4169,341.0956,413.7178,1035.8903,341.0956,564.92883,1035.8903,341.0956,707.16565,1035.8903,267.76907,411.0356,1057.2683,267.76907,559.18915,1057.2683,267.76907,698.5499,1057.2683
2022-09-20 14:09:30.695449,1,320.28122,208.87108,1161.5457,319.50598,247.38773,1144.0764,301.73508,356.81638,1135.1754,307.24005,424.2861,1059.6051,315.07327,274.68323,1141.8431,380.65598,270.58304,1100.5916,458.15594,223.25157,959.89923,404.66895,151.32658,1062.5222,395.18793,138.57722,1083.0469,315.07327,274.68323,1141.8431,260.1094,252.42877,1192.8696,213.41931,183.75758,1232.4083,281.78424,139.26515,1240.063,295.35608,130.4325,1241.5939,340.6858,411.10947,1036.4836,340.6858,562.2434,1036.4836,340.6858,704.40765,1036.4836,266.19888,408.97546,1056.9342,266.19888,557.18506,1056.9342,266.19888,696.59863,1056.9342
2022-09-20 14:09:30.731746,1,320.00592,209.45166,1161.0477,318.07446,248.11644,1144.0686,300.0337,357.5432,1134.9015,306.41013,424.3326,1054.5988,313.57532,275.40616,1141.7686,379.94928,270.45978,1101.2434,457.2724,223.29756,960.1312,402.62805,152.94846,1065.5918,392.97192,140.51717,1086.684,313.57532,275.40616,1141.7686,258.43784,252.74522,1193.4646,212.85962,182.88551,1230.3289,283.64526,142.27693,1242.355,297.63824,134.24937,1244.7603,339.97455,407.61166,1037.8224,339.97455,558.5603,1037.8224,339.97455,700.55023,1037.8224,264.31833,403.98135,1056.5201,264.31833,552.25854,1056.5201,264.31833,691.7356,1056.5201
2022-09-20 14:09:30.764427,1,319.71304,209.69717,1160.7343,317.2071,248.4683,1144.061,299.50864,357.9899,1134.6221,304.95605,424.21048,1049.7319,312.79416,275.77637,1141.6929,379.6979,270.31107,1101.6423,456.60843,223.11798,959.531,403.31818,151.63307,1063.1371,393.88272,138.97606,1083.8583,312.79416,275.77637,1141.6929,257.24008,252.91365,1193.7037,212.65741,182.1571,1229.0558,284.19113,143.17488,1244.297,298.28812,135.49274,1247.3452,338.421,405.98926,1039.988,338.421,556.63336,1039.988,338.421,698.3369,1039.988,263.5021,402.7656,1056.6796,263.5021,551.0301,1056.6796,263.5021,690.49524,1056.6796
2022-09-20 14:09:30.795696,1,319.35794,210.54243,1160.2546,316.60544,248.64153,1144.0536,299.35617,358.26544,1134.41,303.50433,424.16315,1046.6138,312.30518,275.97107,1141.6342,379.66235,270.11517,1101.927,455.7937,222.64839,958.14075,402.04657,152.2418,1064.2068,392.55768,139.8117,1085.42,312.30518,275.97107,1141.6342,256.27155,253.1416,1193.6937,212.94739,181.36569,1227.7859,284.6617,143.04524,1247.0795,298.7391,135.52301,1250.9382,337.29538,403.97482,1041.5477,337.29538,554.4034,1041.5477,337.29538,695.90405,1041.5477,262.88266,402.29672,1056.851,262.88266,550.547,1056.851,262.88266,689.9988,1056.851
2022-09-20 14:09:30.831975,1,318.91656,211.11551,1159.9031,316.35773,248.72337,1144.0464,299.3936,358.41113,1134.3052,303.3481,424.1678,1045.4459,312.12885,276.0668,1141.6024,379.8902,270.0026,1102.0536,454.6671,221.80258,955.9353,400.0412,153.2546,1066.4104,390.4466,141.21469,1088.5054,312.12885,276.0668,1141.6024,255.7529,253.39525,1194.0951,213.17688,180.9489,1226.7744,285.12512,143.3204,1249.994,299.1952,135.96182,1254.638,336.92288,403.91592,1042.1538,336.92288,554.2671,1042.1538,336.92288,695.69507,1042.1538,263.05026,401.74606,1057.5156,263.05026,549.9132,1057.5156,263.05026,689.28674,1057.5156
2022-09-20 14:09:30.863249,1,318.45328,211.52042,1159.5844,316.23627,248.76303,1144.0398,299.49228,358.4982,1134.256,303.39096,424.21136,1044.8345,312.0624,276.1173,1141.5852,380.1813,269.9144,1102.1007,453.50165,220.97406,953.5471,398.4016,153.61514,1066.6414,388.75458,141.82184,1089.2603,312.0624,276.1173,1141.5852,255.36711,253.5951,1194.3672,213.6243,180.71709,1227.3762,285.83582,143.72685,1249.8914,299.96704,136.48814,1254.3944,336.72305,403.7954,1042.5319,336.72305,554.10236,1042.5319,336.72305,695.4887,1042.5319,263.31897,401.15817,1058.301,263.31897,549.22546,1058.301,263.31897,688.50507,1058.301
2022-09-20 14:09:30.894500,1,318.0662,211.82147,1159.3297,316.17883,248.78256,1144.031,299.6553,358.55942,1134.2606,303.3715,424.24762,1044.5435,312.0599,276.1473,1141.5797,380.471,269.8573,1101.8837,452.48245,220.33682,951.05505,395.71793,154.91522,1066.5764,385.8093,143.49544,1089.6807,312.0599,276.1473,1141.5797,255.11507,253.93272,1194.7771,213.60907,180.87317,1227.3949,286.05405,144.54523,1249.7863,300.23267,137.43529,1254.2645,336.54538,403.73837,1042.8436,336.54538,554.01074,1042.8436,336.54538,695.36456,1042.8436,263.56863,400.62314,1059.0582,263.56863,548.5948,1059.0582,263.56863,687.7844,1059.0582
2022-09-20 14:09:30.931896,1,317.9208,212.0449,1159.031,316.1545,248.79227,1144.0217,299.83276,358.607,1134.2695,303.36194,424.27386,1044.3887,312.08588,276.16666,1141.5751,380.73856,269.8102,1101.7074,453.1214,220.6512,950.8302,393.11432,158.1122,1067.4126,382.65222,147.20868,1090.7291,312.08588,276.16666,1141.5751,255.0037,254.27936,1195.516,214.0696,180.74916,1227.0088,286.71115,145.28394,1248.8035,300.93625,138.33891,1253.1624,336.4076,403.67886,1043.1548,336.4076,553.9169,1043.1548,336.4076,695.2384,1043.1548,263.82523,400.47253,1060.1084,263.82523,548.3079,1060.1084,263.82523,687.3693,1060.1084
2022-09-20 14:09:30.963174,1,317.7646,212.20161,1158.7568,316.14313,248.7971,1144.0127,300.02036,358.6485,1134.2811,303.34225,424.29288,1044.2886,312.12405,276.1809,1141.5712,380.98358,269.6402,1101.3538,454.08197,221.28749,950.27277,391.14203,160.38437,1063.8495,380.13306,149.73161,1086.5648,312.12405,276.1809,1141.5712,254.9337,254.54848,1196.1226,214.17194,180.79314,1226.5852,287.0316,146.59341,1247.447,301.31204,139.89027,1251.6194,336.2872,403.62515,1043.46,336.2872,553.8298,1043.46,336.2872,695.1199,1043.46,264.1268,400.43985,1060.1655,264.1268,548.2776,1060.1655,264.1268,687.3414,1060.1655
2022-09-20 14:09:30.994427,1,317.60367,212.30844,1158.512,316.13763,248.79953,1144.0043,300.38785,358.7125,1134.29,303.19525,424.35043,1044.1329,312.2115,276.1989,1141.5671,381.19177,269.41324,1101.2295,454.88617,222.07664,949.3219,389.6121,162.22243,1058.4171,378.1394,151.70235,1080.2362,312.2115,276.1989,1141.5671,254.9754,255.08664,1196.7947,214.27512,181.14166,1226.0414,287.4006,148.65883,1245.8911,301.74698,142.28607,1249.8611,336.18115,403.57605,1043.7046,336.18115,553.7561,1043.7046,336.18115,695.0231,1043.7046,264.42438,400.40753,1060.2256,264.42438,548.2474,1060.2256,264.42438,687.3131,1060.2256
2022-09-20 14:09:31.031998,1,317.4606,212.37704,1158.2953,316.13495,248.8006,1143.9961,300.76956,358.7753,1134.2993,303.03027,424.4023,1043.9912,312.3046,276.2156,1141.5634,381.36905,269.247,1101.093,455.44742,223.06532,947.6443,388.6096,164.2742,1054.5338,376.83566,153.91777,1075.9117,312.3046,276.2156,1141.5634,254.97083,255.5776,1197.1364,214.22035,181.53969,1225.5198,287.84183,151.00351,1243.2479,302.31488,145.00049,1246.7936,336.13834,403.4886,1044.241,336.13834,553.6022,1044.241,336.13834,694.8066,1044.241,264.71423,400.38885,1060.278,264.71423,548.2319,1060.278,264.71423,687.3006,1060.278
2022-09-20 14:09:31.063278,1,317.38818,212.4225,1158.181,316.13364,248.8008,1143.9929,301.2055,358.84317,1134.3069,302.82147,424.49112,1043.9728,312.41226,276.2328,1141.5629,381.58936,268.93988,1100.9523,456.3831,224.74863,945.23413,392.35754,163.822,1052.3425,381.08527,153.09526,1073.7642,312.41226,276.2328,1141.5629,254.97346,256.1312,1197.4515,213.87784,182.08969,1224.4464,288.5804,154.74535,1239.2052,303.3079,149.35445,1242.157,336.00452,403.5627,1044.2045,336.00452,553.6922,1044.2045,336.00452,694.9117,1044.2045,264.99588,400.4665,1060.2073,264.99588,548.32996,1060.2073,264.99588,687.41785,1060.2073
2022-09-20 14:09:31.094524,1,317.3331,212.44121,1158.0674,316.13297,248.79971,1143.9902,301.6889,358.91238,1134.3331,302.568,424.733,1044.6443,312.5322,276.24973,1141.5675,381.72543,268.89563,1100.8595,457.92914,228.54472,941.7595,393.35995,161.94638,1030.4496,381.75732,149.97913,1048.1876,312.5322,276.24973,1141.5675,254.9955,256.73495,1197.771,212.87042,182.96486,1222.4868,288.10913,157.10376,1228.2281,303.07257,151.96053,1229.3765,335.9187,403.73892,1044.1871,335.9187,553.8817,1044.1871,335.9187,695.1136,1044.1871,265.2491,400.6299,1060.0404,265.2491,548.5273,1060.0404,265.2491,687.647,1060.0404
2022-09-20 14:09:31.132300,1,317.37775,212.37842,1157.9539,316.1327,248.76901,1144.0,302.1898,358.9511,1134.3641,302.30615,425.09216,1045.7643,312.6568,276.2367,1141.5825,381.9281,268.59235,1100.7097,458.92487,230.8999,939.0944,387.69202,165.4133,1010.8241,374.6416,153.41565,1025.17,312.6568,276.2367,1141.5825,255.01514,257.2969,1198.0759,210.91714,184.1122,1218.4974,285.7659,157.03946,1218.5232,300.73526,151.62505,1218.5283,335.88,404.16513,1044.3438,335.88,554.29614,1044.3438,335.88,695.5171,1044.3438,265.48105,400.91388,1059.8464,265.48105,548.8489,1059.8464,265.48105,688.0041,1059.8464
2022-09-20 14:09:31.163574,1,317.42523,212.23145,1157.8617,316.1326,248.70744,1144.0178,302.7709,358.96024,1134.4587,302.00763,425.64716,1048.1372,312.80142,276.19412,1141.6196,382.0124,268.65164,1100.6311,459.8737,234.31517,936.1922,386.63342,168.66873,1000.2095,373.0962,156.5351,1013.01294,312.80142,276.19412,1141.6196,255.00418,257.5493,1198.4011,209.3492,184.2472,1210.5802,285.1276,158.97073,1221.1252,300.1265,153.96773,1223.2343,335.85327,404.9342,1044.4209,335.85327,555.06494,1044.4209,335.85327,696.2856,1044.4209,265.69354,401.37772,1059.6251,265.69354,549.3543,1059.6251,265.69354,688.54865,1059.6251
2022-09-20 14:09:31.194831,1,317.43594,211.95692,1157.6859,316.13257,248.6453,1144.0342,303.48267,358.97205,1134.6467,301.72284,426.39105,1051.9745,312.97852,276.15353,1141.6791,382.0846,268.70587,1100.5599,460.69138,238.04117,933.1233,392.58875,169.53111,1007.16077,380.1523,157.02028,1021.96826,312.97852,276.15353,1141.6791,255.04422,258.06567,1198.6975,207.75931,184.73416,1201.8398,282.37845,156.33482,1227.443,296.93027,150.79652,1232.5636,335.93524,406.53052,1044.8165,335.93524,556.6153,1044.8165,335.93524,697.79266,1044.8165,265.92767,404.87134,1059.3167,265.92767,552.9017,1059.3167,265.92767,692.1466,1059.3167
2022-09-20 14:09:31.232603,1,317.41855,211.5324,1157.4779,316.13254,248.58644,1144.0511,304.2938,358.9828,1134.9469,301.50323,427.0549,1056.6223,313.1802,276.1172,1141.7671,382.08954,268.86035,1100.3928,463.04755,249.37912,927.21545,392.44153,178.16507,984.5964,379.2965,164.90685,996.0726,313.1802,276.1172,1141.7671,255.09946,258.54996,1198.9175,206.53503,185.45375,1196.3723,280.47903,156.28523,1232.9912,294.74387,150.6582,1240.315,336.00653,409.08356,1045.1362,336.00653,559.13324,1045.1362,336.00653,700.27765,1045.1362,266.23456,410.3086,1059.0769,266.23456,558.3832,1059.0769,266.23456,697.6697,1059.0769
2022-09-20 14:09:31.263882,1,317.3873,210.88142,1157.1914,316.1318,248.52951,1144.0692,305.0317,358.98407,1135.2263,301.42035,427.38333,1060.101,313.3632,276.0795,1141.8507,381.9004,269.2016,1099.8098,463.1942,252.53795,925.28503,386.34894,183.70522,958.15424,371.60825,170.50151,964.7281,313.3632,276.0795,1141.8507,255.25867,259.14267,1199.016,205.3536,186.74918,1194.4755,279.16995,157.52992,1233.7091,293.37338,151.90767,1241.5558,336.02875,411.97125,1045.1671,336.02875,562.0274,1045.1671,336.02875,703.17786,1045.1671,266.59238,414.41882,1058.6998,266.59238,562.5569,1058.6998,266.59238,701.90314,1058.6998
2022-09-20 14:09:31.295121,1,317.3542,209.96956,1156.8872,316.13116,248.47078,1144.0854,305.5878,358.97012,1135.4114,301.316,427.3829,1061.9075,313.5011,276.035,1141.9093,381.34332,269.89294,1098.647,463.5401,257.4088,923.52814,387.0052,186.79713,937.77637,371.97644,172.9315,940.62604,313.5011,276.035,1141.9093,255.56049,259.55884,1198.9537,203.78195,188.22675,1191.974,277.76678,159.70966,1235.1798,291.94696,154.24397,1243.8209,335.79718,414.95572,1044.7327,335.79718,565.0852,1044.7327,335.79718,706.30457,1044.7327,266.79492,416.03357,1058.277,266.79492,564.2416,1058.277,266.79492,703.6536,1058.277
2022-09-20 14:09:31.332903,1,317.34116,208.98503,1156.806,316.1301,248.41058,1144.1063,305.79803,358.92972,1135.494,301.27344,427.17667,1062.4523,313.55264,275.98083,1141.9457,380.68954,270.43246,1097.8176,463.34442,260.51978,922.4895,391.8676,185.86153,953.80646,378.13184,171.51436,960.0698,313.55264,275.98083,1141.9457,255.97902,259.94635,1198.8109,202.46326,189.64081,1189.426,277.46283,163.30325,1233.5417,291.82358,158.26021,1242.3649,335.54614,415.96005,1044.425,335.54614,566.14465,1044.425,335.54614,707.41595,1044.425,266.9871,416.4579,1057.8424,266.9871,564.73755,1057.8424,266.9871,704.21704,1057.8424
2022-09-20 14:09:31.364178,1,317.3175,208.8721,1156.6552,316.12885,248.35199,1144.1268,305.84985,358.8795,1135.5216,301.26532,426.91528,1062.3601,313.56464,275.92447,1141.968,380.12488,270.6728,1097.5826,463.3821,264.64017,922.1205,392.0971,189.55124,951.57404,378.36636,175.08783,957.4647,313.56464,275.92447,1141.968,256.4633,260.57648,1198.5424,201.56877,191.0377,1186.3549,276.82956,165.60358,1234.3322,291.18506,160.75218,1243.9276,336.08304,416.62726,1042.9448,336.08304,567.03375,1042.9448,336.08304,708.5138,1042.9448,266.278,416.50693,1056.4974,266.278,564.984,1056.4974,266.278,704.6491,1056.4974
2022-09-20 14:09:31.395431,1,317.2936,208.77905,1156.617,316.12744,248.29625,1144.148,305.85748,358.82858,1135.529,301.26907,426.6714,1062.166,313.5655,275.8697,1141.9856,379.53516,270.90054,1097.3981,463.02557,265.97272,922.2729,391.794,190.77037,950.0761,378.04507,176.25499,955.6368,313.5655,275.8697,1141.9856,256.9341,260.99686,1198.2611,201.85394,191.60352,1186.336,276.75003,165.33047,1234.2205,291.03723,160.31862,1243.7974,336.5535,417.2749,1041.5364,336.5535,567.8918,1041.5364,336.5535,709.5697,1041.5364,265.6187,416.44888,1055.335,265.6187,565.09644,1055.335,265.6187,704.9219,1055.335
2022-09-20 14:09:31.432952,1,317.27277,208.698,1156.6206,316.12616,248.24261,1144.1716,305.86444,358.77927,1135.5295,301.2711,426.45505,1061.8458,313.5663,275.8167,1142.0035,379.21054,270.76855,1097.9242,462.58163,265.85358,922.75073,390.68326,191.23804,948.2097,376.7644,176.79318,953.3015,313.5663,275.8167,1142.0035,257.37946,261.6252,1198.015,202.42628,192.13414,1186.2964,276.89413,164.98059,1234.4755,291.09558,159.80226,1244.1113,337.20392,417.27768,1040.9971,337.20392,567.97815,1040.9971,337.20392,709.7347,1040.9971,265.00473,416.34283,1054.2596,265.00473,565.1475,1054.2596,265.00473,705.1207,1054.2596
2022-09-20 14:09:31.464231,1,317.25284,208.62154,1156.6377,316.125,248.1871,1144.194,305.87054,358.72726,1135.5283,301.26947,426.26163,1061.4855,313.56702,275.76166,1142.0199,378.8579,270.79004,1098.1661,462.00934,265.9071,922.68494,389.5849,191.63437,944.8898,375.50656,177.19676,949.33075,313.56702,275.76166,1142.0199,257.6077,261.48892,1197.7472,202.54076,192.05612,1186.0027,277.21097,165.55989,1234.8246,291.44202,160.5101,1244.589,337.79523,417.3621,1040.553,337.79523,568.1313,1040.553,337.79523,709.95245,1040.553,264.53018,416.74167,1053.0071,264.53018,565.7277,1053.0071,264.53018,705.8716,1053.0071
2022-09-20 14:09:31.495478,1,317.23077,208.54935,1156.658,316.1232,248.13135,1144.2173,305.876,358.67435,1135.5262,301.26495,426.0898,1061.105,313.56705,275.70615,1142.0369,378.54114,270.8114,1098.3777,461.19443,265.97156,921.9674,389.64462,190.88782,945.1642,375.75406,176.31117,949.8035,313.56705,275.70615,1142.0369,257.8277,261.3718,1197.6005,202.64038,191.99712,1185.6365,277.5578,166.28687,1235.2183,291.82532,161.39053,1245.1346,338.32208,417.43393,1040.0906,338.32208,568.27356,1040.0906,338.32208,710.16095,1040.0906,263.99084,416.89822,1053.0609,263.99084,565.88,1053.0609,263.99084,706.01984,1053.0609
2022-09-20 14:09:31.533260,1,317.20804,208.47963,1156.6412,316.12143,248.07736,1144.2386,305.88123,358.62247,1135.524,301.2598,425.93848,1060.7085,313.56708,275.65225,1142.0524,378.25745,270.84344,1098.5784,460.37717,266.13995,921.14136,389.78833,190.17082,945.3552,376.1023,175.4416,950.198,313.56708,275.65225,1142.0524,258.033,261.3365,1197.4518,202.79175,191.97864,1185.3696,277.94406,167.04816,1235.6656,292.2463,162.30363,1245.7249,338.81116,417.52658,1039.724,338.81116,568.4218,1039.724,338.81116,710.3615,1039.724,263.5013,417.04053,1053.1396,263.5013,566.0135,1053.1396,263.5013,706.1451,1053.1396
2022-09-20 14:09:31.564573,1,317.18588,208.41547,1156.621,316.1206,248.02649,1144.2615,305.88736,358.57315,1135.5212,301.2594,425.816,1060.3148,313.56802,275.6013,1142.0687,378.00552,270.8817,1098.7603,459.5096,266.0666,920.2144,389.88928,189.24054,945.70044,376.41312,174.36957,950.79767,313.56802,275.6013,1142.0687,258.23914,261.34894,1197.4071,202.93307,192.05385,1185.4924,278.58038,168.63054,1236.2037,292.97113,164.1746,1246.346,339.28372,417.5108,1039.4159,339.28372,568.4523,1039.4159,339.28372,710.4355,1039.4159,263.01523,416.87653,1053.1533,263.01523,565.84906,1053.1533,263.01523,705.9803,1053.1533
2022-09-20 14:09:31.595786,1,317.1884,207.7107,1156.9575,316.1199,248.00677,1144.2861,305.89023,358.5546,1135.5142,301.25827,425.74728,1059.876,313.56827,275.5813,1142.0854,377.78674,270.93597,1098.9178,458.5007,265.9631,918.9438,389.9889,188.206,946.4866,376.76227,173.19449,951.9951,313.56827,275.5813,1142.0854,258.41205,261.36426,1197.359,203.01181,192.15797,1185.64,279.40967,171.18886,1237.0515,293.9335,167.20247,1247.3339,338.91962,417.2894,1039.9891,338.91962,568.1483,1039.9891,338.91962,710.0539,1039.9891,263.46368,416.63773,1053.2156,263.46368,565.6022,1053.2156,263.46368,705.72565,1053.2156
2022-09-20 14:09:31.633569,1,317.1885,207.31337,1157.2776,316.1192,247.99976,1144.3074,305.8918,358.5482,1135.5067,301.25635,425.70953,1059.424,313.56818,275.57388,1142.0995,377.59546,270.99573,1099.0564,457.55066,265.84277,917.75684,390.25232,187.09775,946.9966,377.28824,171.9287,952.84454,313.56818,275.57388,1142.0995,258.5485,261.37134,1197.2637,203.03653,192.26724,1185.777,279.96313,173.30707,1237.9993,294.5762,169.70538,1248.4437,338.66727,417.07327,1040.6193,338.66727,567.8407,1040.6193,338.66727,709.66016,1040.6193,263.80988,416.4064,1053.3918,263.80988,565.34576,1053.3918,263.80988,705.4456,1053.3918
2022-09-20 14:09:31.664845,1,317.19095,207.22461,1157.6104,316.11923,247.9965,1144.345,305.89282,358.54514,1135.4952,301.25345,425.68976,1058.9427,313.56854,275.5698,1142.1248,377.42224,271.06943,1099.1847,457.44788,265.77594,918.161,390.66437,186.63846,946.7765,377.78918,171.38155,952.4996,313.56854,275.5698,1142.1248,258.6941,261.4123,1197.3,203.09796,192.39264,1185.9408,280.65866,176.10905,1239.0532,295.37964,173.01843,1249.6757,338.5019,416.86856,1041.2882,338.5019,567.53815,1041.2882,338.5019,709.2657,1041.2882,264.08395,416.19547,1053.5156,264.08395,565.11633,1053.5156,264.08395,705.19885,1053.5156
2022-09-20 14:09:31.696096,1,317.1921,207.4245,1157.9403,316.11926,247.99501,1144.3855,305.8933,358.54352,1135.4807,301.24976,425.68375,1058.448,313.5688,275.5673,1142.1515,377.26373,271.1606,1099.301,457.28394,265.75708,918.39294,389.99762,187.08131,947.1208,377.02728,171.91544,952.86633,313.5688,275.5673,1142.1515,258.7762,261.40695,1197.1686,202.97815,192.57912,1186.2488,280.69083,176.69615,1238.4702,295.45352,173.67896,1248.9146,338.27914,416.77283,1041.4131,338.27914,567.4226,1041.4131,338.27914,709.1315,1041.4131,264.3128,415.9574,1053.6606,264.3128,564.8561,1053.6606,264.3128,704.9177,1053.6606
2022-09-20 14:09:31.733877,1,317.20093,207.96141,1158.3541,316.11923,247.99425,1144.4253,305.89383,358.54208,1135.4661,301.24557,425.68805,1057.96,313.56897,275.56537,1142.1776,377.12436,271.2525,1099.4077,457.14343,265.75064,918.6132,389.3329,187.5517,947.3959,376.2622,172.47864,953.1524,313.56897,275.56537,1142.1776,258.8482,261.41647,1197.0603,202.79669,192.82066,1186.5188,280.81198,177.92813,1237.707,295.64703,175.09622,1247.9447,338.1507,416.64334,1041.725,338.1507,567.24554,1041.725,338.1507,708.90967,1041.725,264.51743,415.96548,1053.7175,264.51743,564.8537,1053.7175,264.51743,704.90546,1053.7175
2022-09-20 14:09:31.765154,1,317.19815,208.53622,1158.4121,316.11963,247.99353,1144.4685,305.8943,358.54065,1135.4452,301.24127,425.70065,1057.4712,313.5695,275.56332,1142.2047,377.00385,271.3401,1099.5045,457.06,265.7086,918.9015,388.19733,188.45625,947.8785,374.927,173.56914,953.6739,313.5695,275.56332,1142.2047,258.92783,261.4444,1197.055,202.6307,193.07854,1186.8046,280.86624,178.91617,1237.0422,295.75696,176.22061,1247.0897,338.14114,416.61038,1042.4413,338.14114,567.10596,1042.4413,338.14114,708.66974,1042.4413,264.6811,416.12463,1053.7329,264.6811,565.0075,1053.7329,264.6811,705.0543,1053.7329
2022-09-20 14:09:31.796404,1,317.18546,209.01738,1158.2648,316.1201,247.9906,1144.517,305.89502,358.53696,1135.4193,301.23666,425.71664,1056.9684,313.57013,275.55884,1142.2346,376.8973,271.4277,1099.591,457.00058,265.6605,919.1966,387.25684,189.2383,948.44226,373.8211,174.51595,954.2914,313.57013,275.55884,1142.2346,258.98538,261.46832,1197.0166,202.29898,193.44997,1187.0607,280.63364,179.7215,1237.15,295.54553,177.10812,1247.1678,338.134,416.6444,1042.85,338.134,567.0771,1042.85,338.134,708.58167,1042.85,264.79507,416.3168,1053.712,264.79507,565.1987,1053.712,264.79507,705.2447,1053.712
2022-09-20 14:09:31.834166,1,317.17392,209.41328,1158.1023,316.1205,247.98938,1144.5652,305.89566,358.5344,1135.3934,301.23172,425.7388,1056.4708,313.57074,275.55594,1142.2642,376.80524,271.51447,1099.665,456.94543,265.61346,919.4541,387.43646,189.0366,948.6997,374.04575,174.28432,954.5488,313.57074,275.55594,1142.2642,259.03412,261.50107,1196.991,201.8902,193.88858,1187.2821,280.4551,181.24557,1237.266,295.41245,178.83858,1247.2628,338.08344,416.61206,1042.9113,338.08344,567.0313,1042.9113,338.08344,708.5233,1042.9113,264.8972,416.45276,1053.7201,264.8972,565.32904,1053.7201,264.8972,705.3696,1053.7201
2022-09-20 14:09:31.865434,1,317.1642,209.73213,1157.9722,316.12097,247.98817,1144.6163,305.89633,358.5314,1135.367,301.22665,425.7647,1055.988,313.5714,275.5529,1142.2959,376.72256,271.60962,1099.737,456.8885,265.54507,919.69714,388.57776,187.9721,948.63257,375.41266,173.02196,954.4197,313.5714,275.5529,1142.2959,259.07266,261.53192,1196.9785,201.28267,194.46681,1187.2582,280.06845,182.92401,1237.4218,295.06525,180.72685,1247.4545,338.02673,416.58084,1042.9387,338.02673,566.99084,1042.9387,338.02673,708.4741,1042.9387,264.97473,416.39755,1053.7101,264.97473,565.27,1053.7101,264.97473,705.307,1053.7101
2022-09-20 14:09:31.896692,1,317.15604,209.98769,1157.871,316.12143,247.98755,1144.6687,305.89697,358.52853,1135.3396,301.22144,425.79327,1055.5049,313.57202,275.55026,1142.3282,376.64856,271.7111,1099.801,456.79388,265.43106,919.8579,390.68207,186.0597,948.1999,377.93115,170.75142,953.8683,313.57202,275.55026,1142.3282,259.1027,261.5697,1196.9697,200.5786,195.17271,1187.5515,279.14233,182.35435,1237.5732,294.0991,179.91403,1247.5776,337.9726,416.55368,1042.9677,337.9726,566.95355,1042.9677,337.9726,708.4273,1042.9677,265.04214,416.27972,1053.6826,265.04214,565.15015,1053.6826,265.04214,705.18524,1053.6826
2022-09-20 14:09:31.934892,1,317.14923,210.19186,1157.7892,316.12167,247.98715,1144.7196,305.89758,358.5254,1135.3126,301.21628,425.82516,1055.0559,313.5725,275.54776,1142.3596,376.58737,271.80298,1099.8542,456.70813,265.3342,919.9862,389.9815,186.48799,948.3959,377.11307,171.28224,954.0778,313.5725,275.54776,1142.3596,259.12442,261.60617,1196.9661,199.8221,195.89285,1187.47,278.12393,181.80534,1238.0016,293.02344,179.12474,1248.1079,337.91476,416.55527,1043.0033,337.91476,566.94336,1043.0033,337.91476,708.40607,1043.0033,265.12738,416.2932,1053.6348,265.12738,565.1639,1053.6348,265.12738,705.1992,1053.6348
2022-09-20 14:09:31.966167,1,317.14368,210.35432,1157.7216,316.12195,247.98674,1144.7715,305.89825,358.52206,1135.2819,301.21088,425.85583,1054.5619,313.573,275.54514,1142.3907,376.53192,271.90582,1099.9088,456.65063,265.22482,920.17035,389.87067,186.45024,948.4663,376.99,171.25601,954.1255,313.573,275.54514,1142.3907,259.13904,261.64032,1196.9766,199.8488,195.92924,1187.5356,278.18686,181.95006,1237.7448,293.09796,179.28923,1247.7866,337.85864,416.58072,1043.0118,337.85864,566.9603,1043.0118,337.85864,708.41504,1043.0118,265.20697,416.30838,1053.6096,265.20697,565.17535,1053.6096,265.20697,705.2073,1053.6096
2022-09-20 14:09:31.997418,1,317.13907,210.4836,1157.6656,316.12222,247.98637,1144.8213,305.89902,358.5188,1135.2461,301.20526,425.88834,1054.0626,313.57355,275.54248,1142.4191,376.48746,272.00064,1099.9537,456.44812,265.0513,920.0558,390.41284,185.7055,948.58136,377.67947,170.40558,954.2865,313.57355,275.54248,1142.4191,259.14777,261.67587,1196.9921,200.10567,195.75914,1187.6166,278.5284,182.1195,1237.3279,293.46283,179.52205,1247.2701,337.8253,416.59448,1043.0936,337.8253,566.95435,1043.0936,337.8253,708.3905,1043.0936,265.28174,416.3593,1053.5405,265.28174,565.2282,1053.5405,265.28174,705.26184,1053.5405
2022-09-20 14:09:32.035194,1,317.13504,210.58609,1157.6202,316.1225,247.98598,1144.8777,305.89948,358.51602,1135.1984,301.19952,425.92548,1053.5857,313.57404,275.5396,1142.4493,376.45044,272.09058,1099.9912,456.1824,264.7168,919.85657,390.16406,185.41475,949.0819,377.4453,170.13683,954.927,313.57404,275.5396,1142.4493,259.14972,261.7086,1197.0134,200.50592,195.45782,1187.7115,279.073,182.44632,1236.7607,294.04446,179.96689,1246.5706,337.78104,416.6284,1043.1156,337.78104,566.9765,1043.1156,337.78104,708.4017,1043.1156,265.3545,416.4037,1053.4814,265.3545,565.27246,1053.4814,265.3545,705.306,1053.4814
2022-09-20 14:09:32.066469,1,317.13153,210.66733,1157.583,316.12274,247.98557,1144.9329,305.90002,358.5128,1135.1505,301.19388,425.9641,1053.1394,313.57452,275.53665,1142.4786,376.42303,272.1713,1100.0249,455.89307,264.33786,919.6078,389.63507,185.29625,949.7175,376.8845,170.08557,955.7395,313.57452,275.53665,1142.4786,259.1473,261.74384,1197.0372,200.9432,195.13155,1187.8429,279.74634,183.02397,1235.4647,294.78354,180.71361,1244.9891,337.73993,416.66064,1043.1614,337.73993,566.993,1043.1614,337.73993,708.40326,1043.1614,265.42603,416.4473,1053.4034,265.42603,565.318,1053.4034,265.42603,705.35333,1053.4034
2022-09-20 14:09:32.097727,1,317.12866,210.73068,1157.5414,316.12302,247.98517,1144.9893,305.90048,358.51007,1135.0918,301.18802,426.00317,1052.6755,313.57504,275.53357,1142.5062,376.4043,272.24084,1100.0513,455.38574,263.44388,919.13574,388.67892,184.92679,951.1898,375.87347,169.85414,957.60065,313.57504,275.53357,1142.5062,259.14307,261.787,1197.0651,201.1437,195.0132,1187.9131,279.8605,182.94029,1236.6526,294.86508,180.63902,1246.4005,337.70386,416.7038,1043.2009,337.70386,567.02057,1043.2009,337.70386,708.41626,1043.2009,265.4907,416.4901,1053.3531,265.4907,565.35815,1053.3531,265.4907,705.39105,1053.3531
2022-09-20 14:09:32.135492,1,317.1249,210.78032,1157.5057,316.12332,247.98477,1145.0492,305.90097,358.50763,1135.0238,301.1821,426.04404,1052.2202,313.57562,275.53033,1142.534,376.4228,272.2116,1100.053,454.83304,262.50104,918.47534,387.5869,184.61916,952.8643,374.71594,169.71252,959.7421,313.57562,275.53033,1142.534,259.1393,261.8313,1197.0978,201.39198,194.85681,1187.9797,280.1796,183.36055,1236.9199,295.19485,181.1696,1246.708,337.666,416.79874,1043.2446,337.666,567.0988,1043.2446,337.666,708.47876,1043.2446,265.569,416.65018,1053.2682,265.569,565.5199,1053.2682,265.569,705.5544,1053.2682
2022-09-20 14:09:32.166767,1,317.12155,210.81903,1157.4729,316.12363,247.98434,1145.1095,305.9015,358.50452,1134.958,301.177,426.0944,1051.9712,313.57617,275.52695,1142.5627,376.44055,272.18484,1100.0544,454.1418,261.11075,917.81775,386.13855,184.14163,954.96466,373.1678,169.46083,962.39404,313.57617,275.52695,1142.5627,259.13474,261.87448,1197.1292,201.65205,194.68845,1188.0255,280.6147,184.41405,1237.1624,295.66046,182.45633,1246.9897,337.6043,416.88693,1043.2987,337.6043,567.16815,1043.2987,337.6043,708.5304,1043.2987,265.66064,416.8137,1053.2345,265.66064,565.67725,1053.2345,265.66064,705.7059,1053.2345
2022-09-20 14:09:32.198019,1,317.11826,210.84892,1157.4432,316.12393,247.98392,1145.1736,305.90186,358.50238,1134.8757,301.17224,426.14255,1051.7472,313.57675,275.52344,1142.5901,376.45715,272.16113,1100.057,452.97092,258.20688,917.1929,384.0017,182.5235,957.6247,370.90085,168.14731,965.71106,313.57675,275.52344,1142.5901,259.1304,261.92313,1197.1594,201.81311,194.5969,1187.9298,281.0162,186.13159,1237.431,296.10245,184.51917,1247.3313,337.54675,416.97562,1043.3506,337.54675,567.2378,1043.3506,337.54675,708.582,1043.3506,265.7477,416.97333,1053.1685,265.7477,565.8347,1053.1685,265.7477,705.86127,1053.1685
2022-09-20 14:09:32.235792,1,317.11493,210.8721,1157.4174,316.1242,247.98349,1145.2344,305.90228,358.49954,1134.7966,301.16833,426.18954,1051.6418,313.5773,275.51987,1142.6157,376.45868,272.1849,1100.0706,452.6251,255.81511,918.0397,382.2548,181.67128,959.1289,368.89807,167.59836,967.34674,313.5773,275.51987,1142.6157,259.12253,261.9614,1197.1941,201.93916,194.52238,1187.8337,281.47238,188.61191,1236.9037,296.62775,187.48564,1246.7177,337.48276,417.03897,1043.4049,337.48276,567.28107,1043.4049,337.48276,708.60645,1043.4049,265.83585,417.1349,1053.2349,265.83585,565.9748,1053.2349,265.83585,705.98114,1053.2349
2022-09-20 14:09:32.267063,1,317.1119,210.88947,1157.3915,316.12445,247.98303,1145.2982,305.90283,358.4963,1134.7163,301.1651,426.23035,1051.5846,313.57785,275.5161,1142.6434,376.47522,272.16922,1100.0739,452.6349,255.43112,918.2844,382.02063,181.59526,959.59735,368.62122,167.58449,967.8599,313.57785,275.5161,1142.6434,259.1229,262.04242,1197.2207,201.86705,194.66534,1187.7415,281.38437,191.08594,1240.2034,296.48734,190.40608,1250.6958,337.40753,417.23343,1043.4631,337.40753,567.45435,1043.4631,337.40753,708.7598,1043.4631,265.91772,417.28497,1053.313,265.91772,566.10114,1053.313,265.91772,706.0852,1053.313
2022-09-20 14:09:32.298322,1,317.10876,210.9025,1157.3662,316.1247,247.9826,1145.3589,305.90317,358.49268,1134.6357,301.16254,426.2634,1051.541,313.57837,275.51233,1142.6687,376.48618,272.17288,1100.0809,452.64874,255.03793,918.5788,381.78235,181.405,959.1956,368.3232,167.42043,967.319,313.57837,275.51233,1142.6687,259.10403,262.0388,1197.2622,201.74348,194.74931,1187.6371,281.26364,192.98836,1241.7502,296.34317,192.65443,1252.5729,337.35886,417.2153,1043.4998,337.35886,567.4176,1043.4998,337.35886,708.7055,1043.4998,265.9665,417.25247,1053.3499,265.9665,566.0502,1053.3499,265.9665,706.0169,1053.3499
2022-09-20 14:09:32.336092,1,317.1073,210.91212,1157.342,316.12494,247.98216,1145.4207,305.90347,358.4887,1134.5536,301.16046,426.29102,1051.5222,313.57886,275.5084,1142.6943,376.50024,272.17316,1100.0903,452.4297,253.80261,919.01984,380.8979,180.91359,959.6859,367.3129,167.07083,967.81915,313.57886,275.5084,1142.6943,259.08792,262.04767,1197.3105,201.5876,194.87558,1187.526,281.19977,194.95772,1241.4111,296.29996,194.97328,1252.1881,337.30963,417.23306,1043.5367,337.30963,567.41614,1043.5367,337.30963,708.686,1043.5367,266.0191,417.2715,1053.3871,266.0191,566.05023,1053.3871,266.0191,705.99896,1053.3871
2022-09-20 14:09:32.367361,1,317.10574,210.91687,1157.3156,316.12518,247.98174,1145.4841,305.90375,358.48438,1134.4707,301.15887,426.31317,1051.5173,313.57935,275.50433,1142.7211,376.51263,272.18115,1100.0989,452.19275,252.63048,919.4386,380.09473,180.37773,959.97644,366.3997,166.6533,968.084,313.57935,275.50433,1142.7211,259.0701,262.05548,1197.3604,201.418,195.00713,1187.3677,281.02875,195.74998,1241.6154,296.12332,195.89084,1252.4648,337.26392,417.2565,1043.5702,337.26392,567.4203,1043.5702,337.26392,708.672,1043.5702,266.066,417.28534,1053.4323,266.066,566.04333,1053.4323,266.066,705.9726,1053.4323
2022-09-20 14:09:32.398619,1,317.10437,210.918,1157.2921,316.12543,247.98128,1145.5469,305.90405,358.4793,1134.391,301.1577,426.32974,1051.5221,313.57986,275.50015,1142.748,376.52652,272.18918,1100.1069,452.60034,253.56151,919.53644,381.00092,180.71223,959.2346,367.3864,166.86,967.17426,313.57986,275.50015,1142.748,259.0526,262.07138,1197.4076,201.25165,195.14809,1187.2358,280.83414,195.22208,1241.8003,295.9187,195.2361,1252.7131,337.22162,417.2788,1043.5991,337.22162,567.42346,1043.5991,337.22162,708.6571,1043.5991,266.10593,417.2837,1053.5088,266.10593,566.016,1053.5088,266.10593,705.9212,1053.5088
2022-09-20 14:09:32.436395,1,317.1037,210.91621,1157.267,316.12567,247.98085,1145.6067,305.90433,358.47458,1134.3038,301.1567,426.34378,1051.5319,313.58035,275.496,1142.771,376.5427,272.1957,1100.1139,453.0736,254.88644,919.5153,382.21045,181.18248,958.21136,368.71915,167.1503,965.95056,313.58035,275.496,1142.771,259.03418,262.0898,1197.4506,201.1126,195.2678,1187.0986,280.6605,194.61798,1241.9377,295.73444,194.49484,1252.9055,337.18777,417.2419,1043.6125,337.18777,567.3691,1043.6125,337.18777,708.58636,1043.6125,266.1349,417.23337,1053.576,266.1349,565.94086,1053.576,266.1349,705.8227,1053.576
2022-09-20 14:09:32.467857,1,317.1031,210.91219,1157.2449,316.12592,247.98045,1145.6675,305.90442,358.47162,1134.1912,301.15564,426.35974,1051.5466,313.58087,275.4918,1142.7883,376.5639,272.19058,1100.118,453.37274,255.83574,919.4429,383.1753,181.40831,957.4258,369.79892,167.22589,965.02234,313.58087,275.4918,1142.7883,259.01508,262.10852,1197.4941,200.97215,195.39052,1186.9742,280.4797,194.37326,1242.2654,295.53943,194.18059,1253.3236,337.1537,417.24353,1043.6338,337.1537,567.3516,1043.6338,337.1537,708.55096,1043.6338,266.16946,417.23154,1053.5923,266.16946,565.92084,1053.5923,266.16946,705.7855,1053.5923
2022-09-20 14:09:32.498933,1,317.10254,210.90575,1157.2104,316.12616,247.98006,1145.7227,305.9045,358.46835,1134.0782,301.1548,426.37216,1051.5658,313.58133,275.48764,1142.8013,376.5842,272.19186,1100.1223,453.46896,255.50703,919.8284,383.18466,181.14049,957.0243,369.77838,166.9555,964.46344,313.58133,275.48764,1142.8013,258.99496,262.1243,1197.5361,200.79745,195.55128,1186.9655,280.25357,194.4489,1242.9166,295.294,194.24022,1254.1068,337.12164,417.23877,1043.6482,337.12164,567.32825,1043.6482,337.12164,708.5101,1043.6482,266.20135,417.22598,1053.6134,266.20135,565.89594,1053.6134,266.20135,705.74243,1053.6134
2022-09-20 14:09:32.536700,1,317.10223,210.89822,1157.181,316.12646,247.9796,1145.7876,305.90466,358.46487,1133.961,301.15408,426.38235,1051.5891,313.5819,275.48312,1142.8206,376.6067,272.18958,1100.1311,453.52258,255.0807,920.20294,382.92047,181.0093,956.8082,369.4434,166.86996,964.1293,313.5819,275.48312,1142.8206,258.97583,262.14313,1197.5941,200.88196,195.49818,1187.008,280.24088,194.50128,1244.1168,295.24634,194.31277,1255.5386,337.08966,417.24872,1043.6597,337.08966,567.3195,1043.6597,337.08966,708.48376,1043.6597,266.23257,417.229,1053.6323,266.23257,565.8794,1053.6323,266.23257,705.7075,1053.6323
2022-09-20 14:09:32.567975,1,317.1026,210.89551,1157.1448,316.12677,247.97916,1145.852,305.90457,358.46283,1133.823,301.1533,426.39435,1051.6146,313.58246,275.4786,1142.8342,376.61237,272.2419,1100.1515,453.53888,254.62643,920.62885,382.62122,180.84781,956.5211,369.0716,166.75156,963.6996,313.58246,275.4786,1142.8342,258.952,262.15903,1197.6492,200.89386,195.49867,1187.0264,280.1709,194.55913,1245.0963,295.14716,194.38164,1256.7103,337.05655,417.24686,1043.6533,337.05655,567.3011,1043.6533,337.05655,708.44965,1043.6533,266.25272,417.17142,1053.7434,266.25272,565.78876,1053.7434,266.25272,705.5859,1053.7434
2022-09-20 14:09:32.599227,1,317.1026,210.89403,1157.1049,316.12704,247.9787,1145.9155,305.90436,358.46124,1133.6746,301.1526,426.4059,1051.644,313.58298,275.47403,1142.8445,376.61667,272.30692,1100.1699,453.50967,254.30772,920.8988,382.39017,180.68365,955.9591,368.78772,166.60219,962.9712,313.58298,275.47403,1142.8445,258.95447,262.3047,1197.6853,201.00653,195.58264,1187.2039,280.19205,194.58778,1246.0856,295.13953,194.4,1257.8619,337.01617,417.25195,1043.6251,337.01617,567.29224,1043.6251,337.01617,708.42773,1043.6251,266.27557,417.10962,1053.8728,266.27557,565.6909,1053.8728,266.27557,705.45404,1053.8728
2022-09-20 14:09:32.637002,1,317.10248,210.89243,1157.0573,316.12738,247.97827,1145.9792,305.9042,358.45886,1133.531,301.1521,426.414,1051.6782,313.58353,275.46933,1142.8562,376.62784,272.3622,1100.186,453.66144,254.78316,920.9418,383.1784,180.48628,955.0956,369.68243,166.26003,961.92633,313.58353,275.46933,1142.8562,258.95496,262.4468,1197.729,201.1338,195.65671,1187.455,280.23322,194.61064,1246.9949,295.15524,194.4133,1258.9028,336.97372,417.25827,1043.6069,336.97372,567.2827,1043.6069,336.97372,708.40326,1043.6069,266.30237,417.05344,1054.0006,266.30237,565.59845,1054.0006,266.30237,705.32745,1054.0006
2022-09-20 14:09:32.668277,1,317.1024,210.89091,1157.0137,316.12775,247.97777,1146.0515,305.9041,358.45593,1133.387,301.15176,426.42004,1051.7152,313.58417,275.4643,1142.8743,376.63855,272.42444,1100.2032,453.8241,255.27365,921.00934,383.9488,180.42357,954.9774,370.56604,166.08801,961.77106,313.58417,275.4643,1142.8743,258.95602,262.59482,1197.7876,201.2424,195.72766,1187.4448,280.34564,194.57368,1246.6959,295.2725,194.35593,1258.5461,336.93164,417.2594,1043.5999,336.93164,567.2659,1043.5999,336.93164,708.3697,1043.5999,266.34116,417.0507,1054.0157,266.34116,565.5748,1054.0157,266.34116,705.2842,1054.0157
2022-09-20 14:09:32.694459,1,317.10226,210.88905,1156.9619,316.12814,247.97725,1146.1243,305.90424,358.45242,1133.2454,301.15158,426.42447,1051.7673,313.58484,275.45914,1142.8932,376.65637,272.47577,1100.218,453.95996,255.78268,920.9944,384.94553,180.1554,954.73804,371.72394,165.66693,961.48676,313.58484,275.45914,1142.8932,258.95493,262.74734,1197.8413,201.36229,195.79411,1187.4517,280.47,194.53575,1246.3817,295.40228,194.29822,1258.1677,336.88434,417.25974,1043.5867,336.88434,567.24884,1043.5867,336.88434,708.3362,1043.5867,266.38162,417.0399,1054.0697,266.38162,565.5373,1054.0697,266.38162,705.2215,1054.0697
2022-09-20 14:09:32.737259,1,317.1022,210.88954,1156.9435,316.1285,247.97676,1146.1951,305.9047,358.44775,1133.1135,301.15158,426.4251,1051.823,313.58554,275.45395,1142.9132,376.6718,272.5411,1100.2328,454.14258,256.35974,921.0467,385.90775,180.02336,954.34973,372.8283,165.39099,961.0103,313.58554,275.45395,1142.9132,258.95215,262.895,1197.9037,201.4775,195.85872,1187.4576,280.55917,194.52173,1246.4657,295.4854,194.26938,1258.2673,336.851,417.23468,1043.6234,336.851,567.1987,1043.6234,336.851,708.2625,1043.6234,266.41895,417.0366,1054.0978,266.41895,565.51044,1054.0978,266.41895,705.1725,1054.0978
2022-09-20 14:09:32.768533,1,317.10214,210.8901,1156.9279,316.12888,247.97627,1146.265,305.90552,358.4419,1132.9916,301.15173,426.42245,1051.8816,313.58636,275.44864,1142.9349,376.6885,272.61597,1100.2551,454.3896,257.0085,921.19763,387.10028,179.82741,953.83325,374.19122,165.02065,960.36035,313.58636,275.44864,1142.9349,258.94955,263.0555,1197.9673,201.58972,195.9395,1187.4614,280.64188,194.50873,1246.5817,295.56097,194.23871,1258.4058,336.82672,417.18234,1043.6759,336.82672,567.11865,1043.6759,336.82672,708.1564,1043.6759,266.4498,417.02274,1054.1792,266.4498,565.4651,1054.1792,266.4498,705.0976,1054.1792
2022-09-20 14:09:32.799785,1,317.1022,210.89543,1156.9916,316.1292,247.97578,1146.3336,305.90634,358.43793,1132.8439,301.15152,426.42432,1051.9408,313.5872,275.44336,1142.9493,376.7083,272.6907,1100.2717,454.7505,257.97333,921.3729,388.91904,179.52168,953.04285,376.27435,164.4529,959.37683,313.5872,275.44336,1142.9493,258.94595,263.22455,1198.026,201.71309,196.0201,1187.4745,280.73712,194.48802,1246.6656,295.6499,194.1989,1258.5039,336.80728,417.12732,1043.7291,336.80728,567.0354,1043.7291,336.80728,708.0465,1043.7291,266.48605,417.05203,1054.1039,266.48605,565.4846,1054.1039,266.48605,705.1079,1054.1039
