2022-09-20 13:28:24.789869,1,303.63577,4.393384,981.23047,283.57672,38.01155,1069.3978,268.19626,157.862,1194.1786,261.72702,221.24132,1204.2911,279.36847,70.80381,1100.8715,346.40924,82.93566,1103.5298,362.8559,182.51718,1156.9336,349.83673,271.14194,1128.4275,347.15356,289.40692,1122.7263,279.36847,70.80381,1100.8715,209.72609,57.74776,1071.5732,183.2027,152.57608,1169.3641,165.67978,233.17609,1079.3623,161.81857,250.93643,1061.3619,295.10815,249.31062,1241.5981,295.10815,383.532,1241.5981,295.10815,509.7444,1241.5981,221.98912,244.90591,1206.3236,115.69604,341.19995,950.4103,115.69604,506.08142,950.4103
2022-09-20 13:28:24.820467,1,299.95712,1.629536,975.0334,283.4145,37.362125,1065.9708,267.9647,157.83702,1188.7976,261.59067,221.37317,1199.2018,279.1918,70.29,1096.9478,346.8657,81.80671,1095.4667,363.55646,182.19075,1146.3884,350.456,271.02963,1111.4388,347.73645,289.47214,1104.449,279.1918,70.29,1096.9478,209.70294,57.66289,1070.554,181.31499,152.98009,1160.4198,166.30588,235.7022,1080.1642,163.03238,253.74396,1064.113,295.04245,250.03546,1236.3894,295.04245,384.76862,1236.3894,295.04245,511.47086,1236.3894,221.41061,244.84697,1198.457,111.34238,342.87524,953.33075,111.34238,507.19733,953.33075
2022-09-20 13:28:24.870151,1,293.7881,-2.024901,967.5787,283.22006,36.56784,1061.8088,267.68054,157.7982,1182.4806,261.44348,221.55092,1192.928,278.97818,69.660515,1092.2351,347.34927,80.467224,1086.3245,364.46454,181.84335,1131.8992,351.37085,271.45792,1094.8364,348.64502,290.1139,1087.4238,278.97818,69.660515,1092.2351,209.69682,57.603344,1069.5448,179.5326,152.71552,1155.7695,167.63913,236.15903,1079.2832,165.05525,254.28738,1063.986,295.3497,251.22643,1225.1444,295.3497,387.15286,1225.1444,295.3497,514.98425,1225.1444,221.04048,244.95981,1191.6353,103.55937,343.29333,970.57495,103.55937,504.6532,970.57495
2022-09-20 13:28:24.885785,1,284.25073,-5.122731,959.06287,282.98224,35.541924,1056.481,267.40506,157.60371,1175.8763,261.3034,221.59482,1186.2225,278.7335,68.83501,1086.5735,347.94986,78.66334,1073.846,365.08914,181.17468,1121.357,352.57098,271.09708,1077.2253,349.94327,289.973,1068.399,278.7335,68.83501,1086.5735,209.60411,57.376842,1067.5592,180.33054,152.59985,1156.9492,169.1843,235.65828,1080.2607,166.76242,253.70547,1064.9231,296.00433,251.65266,1209.9795,296.00433,389.24756,1209.9795,296.00433,518.6537,1209.9795,220.89987,245.02827,1186.5492,98.823425,342.87375,986.24976,98.823425,501.6355,986.24976
2022-09-20 13:28:24.917049,1,273.9527,-3.7976222,949.6178,282.70087,34.286373,1050.0271,267.13983,157.26701,1168.9458,261.1699,221.5259,1178.9396,278.45804,67.817924,1079.9835,348.44,76.71593,1060.8076,365.64337,180.43831,1110.3284,353.92932,270.27225,1054.2999,351.4355,289.3971,1043.0942,278.45804,67.817924,1079.9835,209.32361,56.878403,1063.7869,181.86841,152.37062,1158.9868,169.47395,234.93686,1081.8068,166.77979,252.88431,1066.3707,296.283,251.87894,1197.7594,296.283,390.84924,1197.7594,296.283,521.55347,1197.7594,220.71872,245.11499,1180.1119,95.58124,342.51154,996.6213,95.58124,499.5945,996.6213
2022-09-20 13:28:24.950368,1,268.79245,1.281053,939.53284,282.38168,32.817127,1042.5686,266.9662,156.71335,1162.804,261.15622,221.2068,1172.4875,278.17636,66.61582,1072.8307,348.8078,74.91982,1049.7346,366.34393,179.78894,1097.529,355.56747,269.53595,1030.6727,353.24222,288.90088,1017.30145,278.17636,66.61582,1072.8307,209.12001,56.421776,1060.2537,183.05849,152.1047,1160.0555,169.71246,234.48961,1083.6816,166.8143,252.38002,1068.4069,296.5955,251.88753,1187.9214,296.5955,391.9858,1187.9214,296.5955,523.7546,1187.9214,220.82294,245.23244,1176.4629,94.930885,342.88055,999.2876,94.930885,499.52316,999.2876
2022-09-20 13:28:24.985642,1,266.1509,7.444569,931.16077,282.04443,31.279293,1034.8551,266.98068,156.04646,1157.47,261.25253,220.64447,1167.7698,277.93005,65.35714,1065.6896,348.93002,73.89006,1042.3818,366.86365,178.8481,1079.3092,357.65625,270.02927,1010.7068,355.66272,289.7713,996.9863,277.93005,65.35714,1065.6896,209.41913,57.174213,1058.3481,185.31445,152.12569,1162.109,170.40616,234.28062,1086.7312,167.17284,252.09846,1071.6556,296.946,251.9551,1178.9218,296.946,393.10434,1178.9218,296.946,525.8646,1178.9218,220.6344,245.46375,1170.6648,93.69154,343.53055,1002.81067,93.69154,499.60583,1002.81067
2022-09-20 13:28:25.016890,1,282.27307,-19.407337,940.7487,281.67194,30.023983,1026.9149,266.94498,155.88846,1150.1307,261.0919,221.93295,1161.3771,277.64905,64.40567,1057.8732,349.48932,71.2052,1024.129,367.59387,176.81354,1063.4275,359.66895,269.23282,993.8176,357.94888,289.29233,979.8956,277.64905,64.40567,1057.8732,210.1759,59.59936,1055.432,185.57172,152.10912,1164.243,170.8574,234.20047,1090.1993,167.67139,251.97527,1075.3906,297.04214,252.20424,1165.7836,297.04214,394.92926,1165.7836,297.04214,529.1741,1165.7836,220.32419,245.62514,1163.2367,92.67647,344.70163,1002.3395,92.67647,500.83673,1002.3395
2022-09-20 13:28:25.054671,1,280.20575,-21.687637,932.93475,280.9593,28.677584,1018.5446,266.73468,156.07999,1140.343,260.80798,223.51595,1152.6475,277.0806,63.41717,1049.0988,349.5431,67.76116,1003.3273,368.88422,174.264,1043.8424,361.2018,269.3031,982.5023,359.54877,289.75296,970.2343,277.0806,63.41717,1049.0988,209.8655,59.622646,1051.5117,185.54034,151.21324,1161.0735,170.88411,233.97917,1091.0803,167.72427,251.82321,1077.0817,297.10468,252.33733,1155.7349,297.10468,396.2912,1155.7349,297.10468,531.6938,1155.7349,220.14545,245.67224,1156.7632,91.85036,345.3612,1004.31104,91.85036,501.17896,1004.31104
2022-09-20 13:28:25.080213,1,278.13663,-23.994402,924.8447,279.98203,27.257992,1009.9005,266.3768,156.2976,1130.3932,260.49597,224.9892,1143.9032,276.2797,62.37291,1040.0696,348.91254,65.23255,987.2189,369.8782,172.26816,1033.6042,362.1048,268.45667,975.568,360.4378,289.08423,963.96075,276.2797,62.37291,1040.0696,209.13736,59.246956,1046.2878,185.96536,150.26112,1159.3613,170.70096,233.19548,1090.9386,167.41534,251.04659,1077.254,297.2225,252.38313,1152.0376,297.2225,396.78928,1152.0376,297.2225,532.6188,1152.0376,220.3899,245.74716,1154.063,91.70076,345.42526,1005.3335,91.70076,501.07584,1005.3335
2022-09-20 13:28:25.111483,1,276.18582,-26.577799,914.40015,278.9067,25.437338,999.50793,265.88116,155.92442,1120.9503,260.23157,225.74063,1135.717,275.35913,60.976173,1029.8967,347.64075,63.241146,971.2121,370.51172,171.64569,1022.5025,361.97513,269.51697,972.37695,360.1611,290.31467,962.35187,275.35913,60.976173,1029.8967,207.30148,56.712708,1035.9833,186.4406,148.46404,1155.9713,170.26817,231.8775,1091.128,166.80025,249.76422,1078.1594,297.21698,252.42606,1146.2993,297.21698,397.54718,1146.2993,297.21698,534.05054,1146.2993,220.58948,245.75327,1149.8163,91.100555,345.11642,1007.5346,91.100555,500.41998,1007.5346
2022-09-20 13:28:25.142740,1,274.75342,-29.315891,901.3442,277.8412,23.201775,987.4772,265.54236,154.91518,1113.1824,260.15326,225.65561,1129.4426,274.47885,59.21052,1018.9337,346.7481,62.712315,963.25244,370.95966,172.69522,1020.5274,361.8899,270.73395,970.67664,359.963,291.56265,960.7065,274.47885,59.21052,1018.9337,204.62527,51.537052,1022.40936,186.60129,145.70486,1150.1176,169.72568,229.99841,1091.149,166.1293,247.96237,1079.3553,297.24518,252.41481,1141.3184,297.24518,398.16293,1141.3184,297.24518,535.257,1141.3184,220.62006,246.03026,1144.2599,88.780426,342.8402,1014.9248,88.780426,497.0073,1014.9248
2022-09-20 13:28:25.186021,1,272.8427,-32.242966,886.81384,276.57132,20.661366,974.4362,265.30957,153.48697,1106.6353,260.24164,224.97739,1125.1201,273.4759,57.169884,1007.518,345.12354,61.99383,952.8162,370.56488,171.53717,1022.52966,362.33502,269.44672,973.6051,360.5888,290.22144,963.8202,273.4759,57.169884,1007.518,202.76888,48.116974,1009.2843,177.4048,146.76544,1105.7211,165.6994,237.7074,1078.9607,163.2883,256.43982,1073.6086,297.33392,252.3845,1138.3936,297.33392,398.50195,1138.3936,297.33392,535.9443,1138.3936,220.56747,246.6015,1138.448,85.37834,337.85696,1029.2966,85.37834,489.86703,1029.2966
2022-09-20 13:28:25.217636,1,269.78192,-35.15896,873.418,274.33563,18.215393,962.15674,264.8186,152.30525,1099.2438,260.28796,224.5108,1120.6656,271.70792,55.238697,996.4687,342.47522,62.14991,948.1575,370.19855,171.37314,1026.4915,362.42438,269.05972,979.6643,360.77948,289.7285,970.2989,271.70792,55.238697,996.4687,201.25803,46.552696,1000.20935,158.59387,146.11049,1033.9895,220.12695,86.834435,918.99475,234.32893,73.15339,895.9958,297.49408,252.30025,1134.1284,297.49408,398.96304,1134.1284,297.49408,536.919,1134.1284,220.28519,247.10583,1130.2603,84.98471,334.7527,1049.2786,84.98471,483.86438,1049.2786
2022-09-20 13:28:25.248515,1,266.29044,-38.039642,861.23285,271.43567,15.930535,950.67285,264.08563,151.49417,1090.4069,260.25687,224.43164,1115.023,269.3995,53.48555,985.66473,340.13242,60.376083,941.60913,369.0647,169.31989,1030.9983,362.66904,267.34528,996.3524,361.33612,287.77414,989.4232,269.3995,53.48555,985.66473,198.07153,44.69462,986.72974,187.04262,143.49289,1124.5186,165.49207,229.91293,1074.5991,160.9394,248.16945,1064.6152,297.73154,252.25198,1128.8403,297.73154,399.59845,1128.8403,297.73154,538.19794,1128.8403,220.15883,248.3993,1121.4109,85.94919,334.64587,1061.31,85.94919,482.06433,1061.31
2022-09-20 13:28:25.286288,1,261.1442,-40.5814,851.08997,267.63675,14.032227,940.8441,263.2128,150.97618,1082.0043,260.16333,224.59639,1108.9827,266.40753,52.08314,976.2323,336.39215,59.2802,935.9462,366.947,167.57039,1038.5652,362.84265,265.4989,1023.1366,362.00687,285.4401,1020.0509,266.40753,52.08314,976.2323,196.06274,46.093178,980.8482,192.9874,135.94626,1158.2468,171.00076,218.5909,1102.7719,166.33528,236.12775,1091.6769,298.05252,252.14204,1124.8931,298.05252,400.00272,1124.8931,298.05252,539.08636,1124.8931,220.26334,250.19635,1114.4316,220.26334,399.445,1114.4316,220.26334,539.8343,1114.4316
2022-09-20 13:28:25.317522,1,256.22153,-42.57291,842.74585,263.7571,12.552218,932.7743,262.37314,150.56693,1074.7195,260.09433,224.80412,1103.0248,263.37137,51.020123,968.4247,333.38013,56.79173,928.6128,364.0534,165.4745,1045.3595,364.25513,262.83176,1038.3246,364.29578,282.46173,1036.9176,263.37137,51.020123,968.4247,194.20638,49.639374,973.87054,192.7875,136.33676,1164.3832,167.49521,218.89851,1121.1616,162.20094,236.18068,1112.5173,298.61688,252.10576,1120.136,298.61688,400.59204,1120.136,298.61688,540.2645,1120.136,220.27948,251.80095,1109.2393,220.27948,401.7459,1109.2393,220.27948,542.7904,1109.2393
2022-09-20 13:28:25.354597,1,250.06894,-43.925743,835.1397,259.3299,11.425973,925.6847,261.58627,149.99309,1069.9481,260.1153,223.28244,1097.9382,259.96167,50.224495,962.0029,329.02258,56.06622,924.2971,360.34454,166.0874,1048.8193,366.6075,262.8484,1046.9318,367.8628,282.24246,1046.5542,259.96167,50.224495,962.0029,191.87677,51.48024,970.34814,191.7341,141.49168,1160.9019,162.44873,223.9944,1128.0771,156.38596,241.07446,1121.5122,299.24783,252.26326,1117.196,299.24783,401.13834,1117.196,299.24783,541.17676,1117.196,219.85623,252.31047,1104.0801,219.85623,402.9541,1104.0801,219.85623,544.6561,1104.0801
2022-09-20 13:28:25.386603,1,244.70645,-43.86153,827.4499,255.27472,11.384797,918.8464,260.8508,149.84572,1066.4196,259.96555,222.48294,1094.8739,256.8464,50.41178,956.1404,326.30893,55.545788,923.13226,355.47012,166.70268,1044.3269,370.5699,262.49237,1053.6389,373.55786,281.44748,1055.5013,256.8464,50.41178,956.1404,188.44684,51.854984,966.2772,188.53522,148.92859,1138.2037,158.95177,233.62949,1119.3076,152.91483,250.91403,1115.5284,299.46216,252.41747,1112.6874,299.46216,401.8941,1112.6874,299.46216,542.4986,1112.6874,219.4859,252.30096,1099.812,219.4859,403.52753,1099.812,219.4859,545.778,1099.812
2022-09-20 13:28:25.419780,1,240.75037,-42.53113,819.56323,252.18428,12.370529,912.0021,260.29868,150.16643,1063.4247,259.80765,222.51962,1092.2859,254.49078,51.53855,950.47174,324.64206,55.85411,920.57654,353.83105,167.01132,1040.8761,374.01215,261.99182,1053.2211,377.9917,280.72137,1055.6901,254.49078,51.53855,950.47174,184.37544,51.50818,958.8819,183.23637,156.25615,1105.5463,156.25256,243.98108,1108.5454,150.87332,261.46915,1109.1453,299.6092,252.46631,1109.1998,299.6092,402.41147,1109.1998,299.6092,543.4568,1109.1998,219.31277,252.50375,1098.2004,219.31277,403.95074,1098.2004,219.31277,546.40875,1098.2004
2022-09-20 13:28:25.452861,1,237.81427,-41.0132,812.3313,250.0325,13.564156,905.6083,259.8901,150.57613,1060.1172,259.63397,222.87228,1089.1864,252.85825,52.83967,945.0938,324.24707,55.085712,913.9734,353.4843,166.38188,1035.8301,375.37347,261.219,1051.9865,379.67087,279.83792,1055.2178,252.85825,52.83967,945.0938,181.88464,52.5176,953.18555,140.2855,161.79527,990.4718,160.4519,158.04878,1204.3289,163.65521,157.45367,1247.1002,299.57965,252.54489,1101.2471,299.57965,403.57156,1101.2471,299.57965,545.6344,1101.2471,219.1327,252.67325,1095.165,219.1327,404.53864,1095.165,219.1327,547.39044,1095.165
2022-09-20 13:28:25.486900,1,236.32722,-40.107788,806.01666,249.00648,14.434256,899.71277,259.6009,151.00967,1055.4343,259.3693,223.41553,1083.8514,252.06444,53.855152,939.73267,324.35455,54.5256,906.1383,353.6746,166.45209,1028.0073,375.38974,261.84857,1047.3699,379.63678,280.5062,1051.2424,252.06444,53.855152,939.73267,180.11325,52.73957,946.6616,119.63059,154.29008,958.4096,119.63059,260.32306,958.4096,119.63059,303.66827,958.4096,299.30087,252.63696,1089.7269,299.30087,405.259,1089.7269,299.30087,548.82263,1089.7269,218.7344,252.76102,1089.4376,218.7344,405.42358,1089.4376,218.7344,549.0253,1089.4376
2022-09-20 13:28:25.521336,1,235.90935,-40.30482,801.24347,249.10086,14.463212,894.9662,260.59918,151.0559,1050.3381,260.36697,223.6083,1077.8475,252.43497,54.07024,935.0745,325.30695,54.29607,905.075,355.70105,168.36789,1013.3403,376.31018,265.8856,1025.6918,380.3726,285.10797,1028.1621,252.43497,54.07024,935.0745,180.65967,52.43787,946.0082,163.00745,151.19713,1092.48,163.00745,244.21368,1092.48,163.00745,282.2393,1092.48,300.36926,252.83675,1083.3734,300.36926,406.35272,1083.3734,300.36926,550.7573,1083.3734,219.45706,252.85251,1080.0077,219.45706,406.84692,1080.0077,219.45706,551.70154,1080.0077
2022-09-20 13:28:25.546770,1,234.75201,-41.397533,796.744,249.23016,13.915281,889.9443,262.28326,151.2061,1043.3958,262.0066,223.87837,1069.8947,253.02219,53.79921,929.6638,326.147,52.97778,897.6678,357.80914,171.10838,997.462,377.2739,271.29416,992.3643,381.19086,291.45496,991.3448,253.02219,53.79921,929.6638,181.36276,51.927612,944.82825,131.23175,157.83244,995.3903,131.23175,259.91824,995.3903,131.23175,301.65253,995.3903,301.977,253.22842,1073.026,301.977,408.22372,1073.026,301.977,554.0199,1073.026,220.94174,252.98032,1070.4329,220.94174,408.35107,1070.4329,220.94174,554.5004,1070.4329
2022-09-20 13:28:25.586488,1,235.75522,-43.156616,791.0875,250.61877,12.983369,883.7373,263.71426,151.5395,1035.0269,263.5655,224.12898,1062.2015,254.42319,53.23559,922.9286,327.5454,52.908195,888.33203,360.03082,174.2435,984.50397,379.49603,276.13098,960.50183,383.5064,297.12262,955.7014,254.42319,53.23559,922.9286,181.83505,50.82505,937.786,163.24905,155.90613,1079.4353,163.24905,250.04076,1079.4353,163.24905,288.52536,1079.4353,303.5326,253.47597,1062.1312,303.5326,410.06003,1062.1312,303.5326,557.3507,1062.1312,222.44794,253.12529,1063.491,222.44794,409.50912,1063.491,222.44794,556.6115,1063.491
2022-09-20 13:28:25.617742,1,238.20581,-45.26501,785.7671,253.15994,12.01124,877.4529,265.06366,152.48451,1025.3488,265.1103,226.67041,1054.0405,256.60706,52.69002,915.70123,329.44086,53.526558,877.51025,362.047,176.52048,966.94415,380.44012,280.3608,928.46606,384.30322,302.17032,920.77045,256.60706,52.69002,915.70123,183.72261,49.839603,931.47327,176.5488,148.09618,1106.6763,176.5488,239.91144,1106.6763,176.5488,277.44852,1106.6763,305.5654,253.3736,1051.7031,305.5654,411.5092,1051.7031,305.5654,560.2594,1051.7031,223.97543,253.23286,1060.8693,223.97543,410.0021,1060.8693,223.97543,557.4671,1060.8693
2022-09-20 13:28:25.648994,1,240.58229,-47.71045,781.5601,256.02612,11.088651,871.3529,266.39328,154.38881,1013.25574,266.5072,230.19496,1042.45,259.00388,52.248775,907.87256,331.2994,53.69468,862.9582,364.23804,178.46739,946.896,380.60144,284.0342,890.25214,384.1272,306.78043,878.92334,259.00388,52.248775,907.87256,186.63261,49.215725,927.792,178.74692,148.62895,1098.5677,178.74692,241.11995,1098.5677,178.74692,278.93384,1098.5677,307.59183,253.53113,1036.6876,307.59183,413.95605,1036.6876,307.59183,564.8598,1036.6876,225.28284,253.44366,1054.59,225.28284,411.14526,1054.59,225.28284,559.4873,1054.59
2022-09-20 13:28:25.686764,1,243.23454,-50.207745,776.9795,259.06577,10.239694,864.52246,267.88092,156.84836,999.48175,267.6202,234.28651,1028.5424,261.5708,51.90209,899.0195,332.93787,53.729916,847.51074,366.76776,181.32462,926.16504,380.9593,288.73376,857.2622,384.0758,312.32138,843.4816,261.5708,51.90209,899.0195,189.50198,48.677612,922.15485,167.11493,155.29057,1056.5005,167.11493,251.46257,1056.5005,167.11493,290.78186,1056.5005,309.59842,253.74782,1022.77216,309.59842,416.3543,1022.77216,309.59842,569.3102,1022.77216,225.82278,253.8299,1041.8201,225.82278,413.4634,1041.8201,225.82278,563.62274,1041.8201
2022-09-20 13:28:25.718006,1,246.70786,-50.247604,768.7927,262.50104,11.0942545,855.6387,269.40582,159.66762,989.4713,268.5141,238.57777,1015.0394,264.45627,53.16612,889.71564,337.40674,54.272995,836.9958,368.95007,184.27118,899.1709,383.48657,295.0478,826.8251,386.7046,319.5708,812.3559,264.45627,53.16612,889.71564,193.0505,47.859905,918.98236,159.10489,157.10878,1017.7029,159.10489,256.94553,1017.7029,159.10489,297.76346,1017.7029,311.47195,254.14914,1009.8188,311.47195,418.8403,1009.8188,311.47195,573.7571,1009.8188,225.34563,254.68698,1024.5664,225.34563,417.0076,1024.5664,225.34563,569.6945,1024.5664
2022-09-20 13:28:25.749270,1,250.80939,-49.237892,759.6031,266.80734,12.671963,846.1961,271.39224,162.34769,981.4375,270.03726,242.52448,1002.9419,268.10712,55.10364,880.59644,341.5007,54.73113,818.95624,370.7906,188.76138,874.5886,385.5118,302.4236,794.7474,388.8183,327.9527,778.7791,268.10712,55.10364,880.59644,197.36057,48.12833,913.1712,158.96808,156.98843,1007.75275,158.96808,257.80945,1007.75275,158.96808,299.03015,1007.75275,312.98148,264.3988,992.5588,312.98148,431.95264,992.5588,312.98148,589.56226,992.5588,226.158,262.8282,1011.444,226.158,427.25354,1011.444,226.158,581.9203,1011.444
2022-09-20 13:28:25.802666,1,256.1707,-47.518986,746.2289,272.38126,14.997196,832.9413,274.63223,165.63396,971.14795,272.49866,246.99597,991.2765,273.0225,57.90727,868.1345,347.48642,57.586044,801.8617,376.40173,195.17085,853.0936,385.90063,311.0887,761.1142,388.08276,337.7176,742.7183,273.0225,57.90727,868.1345,202.80582,47.411552,905.60956,170.91676,155.95479,1023.37103,170.91676,255.23581,1023.37103,170.91676,295.8271,1023.37103,315.35626,274.0131,980.99023,315.35626,443.5416,980.99023,315.35626,603.00867,980.99023,228.13841,270.84756,1000.39905,228.13841,437.087,1000.39905,228.13841,593.46027,1000.39905
2022-09-20 13:28:25.818302,1,264.257,-45.407948,731.952,279.61667,17.965048,818.8291,278.32224,169.89966,958.9638,275.11142,252.38757,979.76544,279.2468,61.38038,854.511,356.59216,61.33716,790.2625,383.5232,202.3719,828.82684,384.9962,320.89987,727.026,385.34174,348.70343,706.66583,279.2468,61.38038,854.511,210.83398,47.812313,898.7419,187.40231,158.57437,1029.1749,187.40231,257.29428,1029.1749,187.40231,297.65634,1029.1749,318.33508,279.56375,968.92126,318.33508,451.20258,968.92126,318.33508,612.6548,968.92126,229.66087,274.3791,988.48254,229.66087,442.62134,988.48254,229.66087,600.8785,988.48254
2022-09-20 13:28:25.849542,1,272.9179,-43.343975,718.7846,286.83075,21.16639,805.4507,282.2959,175.1163,944.44257,278.3013,258.8234,966.6072,285.53577,65.128876,840.7854,363.56897,65.39614,772.1685,391.72043,211.39409,802.68585,381.35535,331.42502,690.00824,378.86246,360.29422,667.4727,285.53577,65.128876,840.7854,214.56697,49.477074,879.5257,203.28925,166.67543,1016.223,203.28925,266.65237,1016.223,203.28925,307.52853,1016.223,321.9306,283.67422,952.7724,321.9306,458.2208,952.7724,321.9306,622.40814,952.7724,232.65851,282.40372,972.87933,232.65851,453.34286,972.87933,232.65851,614.1369,972.87933
2022-09-20 13:28:25.887335,1,239.34181,8.973988,812.381,293.93762,23.328949,790.36365,286.6331,179.7328,930.2283,281.43442,264.44586,955.1468,291.85352,67.95352,825.789,372.68695,70.184265,766.1739,395.4934,217.82521,776.79736,375.927,338.59735,654.8312,371.1053,368.35938,630.4379,291.85352,67.95352,825.789,223.55536,50.45862,873.2278,210.82846,170.59772,996.4402,210.82846,272.5584,996.4402,210.82846,314.24576,996.4402,325.70837,287.02023,948.2616,325.70837,462.39566,948.2616,325.70837,627.3627,948.2616,236.87744,287.26172,969.1993,236.87744,458.8485,969.1993,236.87744,620.2517,969.1993
2022-09-20 13:28:25.918575,1,245.78493,13.656359,807.49963,299.79657,24.675655,777.06665,290.91306,183.5709,918.5713,286.22162,269.54187,942.4128,297.26645,69.93102,812.725,377.76184,69.99774,739.10065,398.3617,222.5687,749.58167,370.22986,342.26923,616.27966,363.07706,372.70425,589.61926,297.26645,69.93102,812.725,225.69064,51.975338,852.7817,216.7978,173.95834,979.0776,178.01865,271.8515,941.59735,169.88939,292.37283,934.1013,330.57745,293.13144,933.244,330.57745,471.32742,933.244,330.57745,638.94763,933.244,243.22513,295.90652,960.69025,243.22513,469.0116,960.69025,243.22513,631.843,960.69025
2022-09-20 13:28:25.949828,1,253.87827,26.56439,812.91583,305.4243,25.222334,764.7807,297.18207,187.0365,905.83044,294.2278,274.71997,925.75946,303.08148,71.217125,800.19794,387.81146,69.25888,737.8015,399.9284,221.56833,718.6243,373.59448,348.21783,584.9359,366.81403,380.82758,558.19824,303.08148,71.217125,800.19794,236.77599,52.955814,855.4369,221.01836,176.32973,964.84296,180.45363,275.34088,926.8959,171.93881,296.124,919.30646,338.31418,300.81805,907.4342,338.31418,484.08078,907.4342,338.31418,656.467,907.4342,251.61742,302.38263,942.565,251.61742,478.81488,942.565,251.61742,644.776,942.565
2022-09-20 13:28:25.971961,1,296.93796,-44.58227,669.1421,310.74454,25.18865,753.39514,302.76474,190.54305,888.4099,299.50348,280.22952,905.2853,308.48383,72.03419,787.29175,390.51953,66.50041,704.5663,401.50476,226.96861,691.1816,376.4547,355.89474,546.30444,369.76102,390.3453,517.32904,308.48383,72.03419,787.29175,233.94046,52.896027,826.09265,222.92151,179.19637,946.32556,180.62463,279.99326,906.08026,171.71033,301.23676,898.0312,344.66672,304.4223,886.80133,344.66672,491.94724,886.80133,344.66672,668.3426,886.80133,256.081,304.1358,924.6043,256.081,483.99365,924.6043,256.081,653.17706,924.6043
2022-09-20 13:28:26.018860,1,300.8833,-46.736393,660.4929,315.65408,24.89198,742.4615,308.3472,193.3769,870.1251,304.34354,285.21844,883.90094,313.5856,72.587654,774.63513,396.58322,72.60179,709.4472,402.22354,231.21895,669.8193,377.85632,364.3662,520.6229,371.20508,400.70996,490.78366,313.5856,72.587654,774.63513,243.56824,50.441566,829.2894,228.18575,180.96542,929.4057,180.12878,281.6024,894.9786,170.07028,302.66608,888.09314,350.61978,306.3444,860.7961,350.61978,499.53265,860.7961,350.61978,681.2553,860.7961,261.156,304.13138,912.4611,261.156,486.38104,912.4611,261.156,657.8143,912.4611
2022-09-20 13:28:26.053664,1,304.12558,-48.2553,651.47156,319.619,24.728975,732.21747,312.5667,195.01,856.2533,306.83835,288.45193,868.13074,317.6141,73.13814,763.6667,397.13483,72.299194,682.8619,400.42548,237.6131,647.44525,374.9048,379.92084,499.96112,367.88055,419.08914,470.4643,317.6141,73.13814,763.6667,243.32233,56.137985,809.97205,230.491,187.70583,917.27924,178.97614,287.78708,897.9695,168.40616,308.32208,894.10754,356.33112,304.87784,854.83685,356.33112,499.41095,854.83685,356.33112,682.3986,854.83685,262.81525,303.02875,903.57684,262.81525,487.0685,903.57684,262.81525,660.1856,903.57684
2022-09-20 13:28:26.081235,1,306.26837,-49.407505,642.88696,322.41013,24.568272,723.1385,313.4929,195.19499,848.1014,306.60318,289.39713,861.04175,319.85242,73.50867,755.04865,398.9677,81.067245,692.08545,393.2407,240.2225,627.3675,369.58014,385.40314,471.7146,354.71075,476.64145,408.0856,319.85242,73.50867,755.04865,253.42856,51.840866,818.73315,234.92212,184.22398,914.194,182.74466,284.14316,896.73456,172.06439,304.59573,893.2427,356.33212,310.88458,844.7947,356.33212,507.72806,844.7947,356.33212,692.88904,844.7947,260.4683,302.18945,896.8957,260.4683,487.5982,896.8957,260.4683,662.0031,896.8957
2022-09-20 13:28:26.116720,1,381.14136,-14.748349,649.96375,324.24384,24.9784,715.3727,313.98596,194.68053,844.52893,306.50424,287.1673,859.7307,321.26422,74.27199,748.6287,398.52777,75.06594,659.27893,398.31665,243.5061,604.3105,346.5399,386.69107,451.08304,313.61066,477.75446,388.44324,321.26422,74.27199,748.6287,251.43097,63.19881,801.3451,235.87247,193.34416,913.3632,180.70087,292.18787,893.815,169.37569,312.4777,889.90533,354.68762,316.86703,832.8793,354.68762,516.5245,832.8793,354.68762,704.3324,832.8793,258.6284,305.97568,893.2409,258.6284,492.14108,893.2409,258.6284,667.2577,893.2409
2022-09-20 13:28:26.147959,1,383.48193,-0.5182664,637.0314,326.1797,25.498215,708.7672,314.39587,193.76236,842.99567,306.3584,285.05594,859.86053,322.71225,75.01061,743.6078,399.53223,88.769554,683.66876,407.59338,233.77504,567.7944,314.82037,386.91864,456.49005,262.42285,473.413,410.98724,322.71225,75.01061,743.6078,263.39017,44.75735,815.1566,242.78333,177.27887,907.67737,190.38551,277.33807,896.11487,179.74329,297.66058,893.80237,353.19647,320.65817,837.768,353.19647,519.1483,837.768,353.19647,705.8583,837.768,258.50565,308.06445,893.6891,258.50565,494.13443,893.6891,258.50565,669.1613,893.6891
2022-09-20 13:28:26.172138,1,312.12152,-45.262108,621.0689,328.64203,29.02435,703.763,314.9173,195.63951,841.591,306.2571,285.8035,860.1499,324.56516,78.517166,739.7503,395.80957,64.19979,611.02167,446.9067,240.70561,563.037,295.76614,336.41833,476.77954,217.86703,385.74948,441.88776,324.56516,78.517166,739.7503,254.28113,76.20449,785.18805,240.67297,202.13327,913.1899,178.82657,298.68414,893.76685,166.1333,318.50006,889.88226,350.31195,327.01602,830.7415,350.31195,527.1828,830.7415,350.31195,715.4698,830.7415,257.92007,310.4998,893.567,257.92007,496.59308,893.567,257.92007,671.64185,893.567
2022-09-20 13:28:26.219031,1,314.93866,-40.931263,615.61334,330.92633,33.39626,698.5626,315.65393,200.11404,837.58026,306.1022,290.9422,859.49713,326.38647,82.95472,734.81683,402.99402,67.63377,610.2181,465.9759,240.75652,558.6288,295.41193,300.0749,488.11432,211.95676,329.0988,459.72104,326.38647,82.95472,734.81683,256.26755,74.29246,783.0621,240.73773,201.12738,907.1251,178.3247,297.9913,894.8042,165.63525,317.68506,892.34,347.37726,335.3589,819.8996,347.37726,538.1701,819.8996,347.37726,728.94464,819.8996,256.34067,314.4064,891.6392,256.34067,500.89984,891.6392,256.34067,676.325,891.6392
2022-09-20 13:28:26.250289,1,317.03177,-36.434235,610.5544,332.76608,37.771786,693.7842,316.2031,205.0766,835.3119,306.01605,296.2945,859.61664,327.8583,87.34568,730.45593,408.62643,96.42245,643.281,482.6987,228.63593,497.06238,280.47452,264.52194,510.15564,201.71198,278.49887,515.4438,327.8583,87.34568,730.45593,257.98087,53.953556,786.0886,242.90253,187.30214,891.70074,184.24118,285.95618,895.96765,172.5759,305.57434,896.82104,345.65344,335.9489,808.5669,345.65344,541.6002,808.5669,345.65344,735.0463,808.5669,254.66037,320.78625,884.365,254.66037,508.81137,884.365,254.66037,685.67737,884.365
2022-09-20 13:28:26.272441,1,318.888,-34.54229,604.9967,334.637,39.837173,688.4735,316.64938,207.99347,833.4581,306.1348,299.58557,859.42096,329.32126,89.53107,725.7844,411.03705,70.7772,596.14154,483.88025,245.11728,541.3106,338.73227,120.71773,517.1316,276.0316,66.97991,507.34222,329.32126,89.53107,725.7844,260.07233,78.34731,779.56915,241.79272,205.78604,897.2329,175.32164,298.68646,897.89624,162.03922,317.2501,898.02893,345.44226,335.54224,804.7525,345.44226,542.1657,804.7525,345.44226,736.5263,804.7525,252.42572,324.75323,868.65955,252.42572,516.1755,868.65955,252.42572,696.237,868.65955
2022-09-20 13:28:26.319324,1,320.33444,-33.53137,600.2219,336.4002,41.123005,683.6543,317.05652,209.93965,831.78687,306.39313,301.9109,858.77924,330.6919,90.94082,721.5762,413.0949,66.94774,585.936,478.65717,247.99788,553.32227,392.40033,79.963295,526.22644,354.82254,6.7590146,515.2347,330.6919,90.94082,721.5762,263.4175,79.66039,778.77716,242.69101,207.9847,890.2403,174.98682,298.92136,900.2775,161.62675,316.8659,902.285,344.91455,340.4433,804.3342,344.91455,547.1716,804.3342,344.91455,741.63074,804.3342,252.01062,327.11917,861.54364,252.01062,520.12,861.54364,252.01062,701.66644,861.54364
2022-09-20 13:28:26.350576,1,321.30182,-32.354626,595.81964,338.103,42.55219,678.9169,317.7741,211.37187,829.6594,306.68875,304.02475,855.4354,332.09076,92.4803,717.4702,413.87863,105.07649,634.5231,369.71252,266.24213,551.8143,395.14307,75.54621,524.4753,406.2492,-7.735752,513.3675,332.09076,92.4803,717.4702,272.2295,44.936165,780.97687,248.6893,180.83052,871.24695,188.8187,277.143,897.6574,177.26488,295.7294,902.9395,347.53036,341.55508,806.5877,347.53036,547.7031,806.5877,347.53036,741.61646,806.5877,254.82861,338.70856,864.0763,254.82861,531.1412,864.0763,254.82861,712.1531,864.0763
2022-09-20 13:28:26.372738,1,332.93713,-30.839964,583.5362,339.64536,43.142643,673.3967,319.58957,212.77388,823.7443,308.1935,306.7808,846.37994,333.69714,93.452545,711.935,404.02448,126.56224,693.84296,404.02448,287.5369,693.84296,404.02448,434.67395,693.84296,404.02448,494.53058,693.84296,333.69714,93.452545,711.935,271.6837,98.305504,768.75867,242.63632,219.98242,891.088,169.27222,304.93594,903.91046,154.84846,321.63824,906.475,352.25232,342.58002,801.2517,352.25232,550.0981,801.2517,352.25232,745.3002,801.2517,255.81346,333.90134,867.2928,255.81346,525.6177,867.2928,255.81346,705.9559,867.2928
2022-09-20 13:28:26.419624,1,382.69794,8.16161,572.33514,341.00745,43.413235,667.33936,322.57556,214.82903,813.1137,311.42667,311.30508,828.6623,335.52585,94.391914,704.92395,385.65332,138.58426,732.87646,385.65332,290.86877,732.87646,385.65332,430.02844,732.87646,385.65332,486.69675,732.87646,335.52585,94.391914,704.92395,277.85452,127.3293,733.6502,244.41042,237.1929,883.3446,161.16101,309.40384,907.62573,145.0428,323.38486,912.48193,357.54956,346.37964,786.679,357.54956,557.7396,786.679,357.54956,756.5555,786.679,262.55936,339.6867,860.349,262.55936,532.9483,860.349,262.55936,714.74005,860.349
2022-09-20 13:28:26.450888,1,380.03253,10.480439,563.07275,342.14032,44.622124,660.86273,324.51077,216.86736,803.0606,312.78952,314.73102,818.01276,336.8649,96.16454,697.8385,378.44196,133.08405,764.0789,378.44196,279.08752,764.0789,378.44196,412.48117,764.0789,378.44196,466.84515,764.0789,336.8649,96.16454,697.8385,288.8243,141.96167,710.0517,247.56268,243.97783,870.27966,159.80684,305.69516,910.735,143.183,317.38647,918.82605,359.51746,350.2317,774.44073,359.51746,564.9699,774.44073,359.51746,766.9636,774.44073,264.3574,334.86502,859.4672,264.3574,528.3593,859.4672,264.3574,710.36993,859.4672
2022-09-20 13:28:26.473020,1,378.57907,-26.48943,575.80133,342.6053,47.061886,655.41437,325.60828,223.02069,797.4695,313.87387,322.90906,808.7133,337.55048,99.39095,692.0775,368.0395,140.93317,763.68726,368.0395,288.04547,763.68726,368.0395,422.4303,763.68726,368.0395,477.23462,763.68726,337.55048,99.39095,692.0775,291.67352,149.17961,661.53015,249.20427,241.31046,845.8085,163.7433,299.61853,911.0206,148.09857,310.2926,924.06305,359.23193,357.41373,756.92346,359.23193,578.7868,756.92346,359.23193,787.02167,756.92346,268.32114,340.49875,855.752,268.32114,536.306,855.752,268.32114,720.4924,855.752
2022-09-20 13:28:26.519920,1,384.6242,-26.007532,577.11633,343.0226,49.765392,649.9795,327.62286,231.17079,792.0316,316.91397,334.42328,798.22546,338.4646,103.45793,686.4177,370.05347,127.67017,785.4899,370.05347,275.29346,785.4899,370.05347,408.19208,785.4899,370.05347,462.41995,785.4899,338.4646,103.45793,686.4177,308.20004,162.35118,674.60376,250.65173,248.16614,859.69257,158.67032,302.39508,914.9877,141.5922,312.46375,926.0467,361.8656,369.50714,743.38,361.8656,598.9094,743.38,361.8656,814.6969,743.38,274.0591,348.66245,851.4119,274.0591,548.9569,851.4119,274.0591,737.3641,851.4119
2022-09-20 13:28:26.551161,1,383.4932,12.617014,541.4137,343.48572,53.42449,644.9547,329.98834,240.2897,790.75916,321.73035,347.8096,788.9245,339.49213,108.7145,682.17145,383.44537,125.24025,783.6177,383.44537,276.51315,783.6177,383.44537,413.1136,783.6177,383.44537,468.87668,783.6177,339.49213,108.7145,682.17145,314.85065,167.41512,720.317,249.81607,255.52351,891.6757,146.57967,307.9854,910.24677,126.43584,318.22195,913.961,364.93872,390.54767,737.51904,364.93872,627.7518,737.51904,364.93872,850.878,737.51904,280.4351,364.1775,843.9866,280.4351,571.4587,843.9866,280.4351,766.43787,843.9866
2022-09-20 13:28:26.573322,1,378.44305,9.016262,535.469,343.5899,59.106842,642.9568,332.12418,250.84995,787.71545,327.23413,362.91565,774.46234,340.21124,115.60832,679.76764,393.0564,128.81396,780.42786,393.0564,283.50687,780.42786,393.0564,423.52417,780.42786,393.0564,480.70154,780.42786,340.21124,115.60832,679.76764,316.9284,167.97292,750.35504,249.95401,258.36392,915.0226,138.72668,309.4859,899.72034,116.02568,319.91968,896.6599,366.66382,419.78128,737.16205,366.66382,662.1283,737.16205,366.66382,890.0922,737.16205,288.77405,385.1823,834.39404,288.77405,599.2886,834.39404,288.77405,800.68787,834.39404
2022-09-20 13:28:26.604592,1,366.26172,9.232545,530.19006,343.5855,66.437675,641.9746,333.04965,261.55344,785.322,330.6457,377.71686,758.8262,340.49268,123.71454,678.3212,395.25238,135.403,782.4184,395.25238,291.938,782.4184,395.25238,433.88013,782.4184,395.25238,491.85864,782.4184,340.49268,123.71454,678.3212,311.08542,170.7351,761.84735,245.98189,262.329,927.1136,127.70155,306.04294,892.77637,102.94522,315.19238,885.90894,364.69122,440.20804,688.9627,364.69122,703.8133,688.9627,364.69122,951.7738,688.9627,295.11197,407.08798,818.63605,295.11197,628.9377,818.63605,295.11197,837.62085,818.63605
2022-09-20 13:28:26.651458,1,352.62762,14.968018,526.05414,343.48474,72.511,641.1067,333.20575,269.30066,786.257,330.79156,388.2771,747.8874,340.4683,130.26048,677.82806,395.092,141.23166,786.396,395.092,298.7494,786.396,395.092,441.78458,786.396,395.092,500.22153,786.396,340.4683,130.26048,677.82806,302.34564,171.86578,768.5953,241.49855,266.11328,935.1151,118.254944,303.9357,886.2722,91.95797,312.006,876.50366,369.6497,450.35178,708.2206,369.6497,710.13025,708.2206,369.6497,954.49115,708.2206,295.12863,418.9611,803.14215,295.12863,648.0369,803.14215,295.12863,863.5173,803.14215
2022-09-20 13:28:26.673614,1,349.79312,20.788164,523.9677,342.70544,76.559494,640.67664,333.13318,274.71274,787.34155,330.62158,395.69724,740.2578,339.89697,134.6972,677.7164,394.36252,145.8705,790.1062,394.36252,304.04413,790.1062,394.36252,447.83383,790.1062,394.36252,506.5884,790.1062,339.89697,134.6972,677.7164,293.8454,172.69815,771.21277,237.17404,268.88367,940.15314,110.46571,305.68756,873.2539,82.75813,313.73557,859.8741,372.81003,448.40137,724.454,372.81003,704.9435,724.454,372.81003,946.2601,724.454,303.5462,405.14145,825.01685,303.5462,630.41315,825.01685,303.5462,842.3152,825.01685
2022-09-20 13:28:26.720510,1,346.45697,16.254864,525.0543,341.8662,79.90632,640.26685,332.97675,279.3757,787.2812,330.28018,401.98178,734.98413,339.2604,138.37772,677.344,393.98822,147.39125,795.64026,393.98822,305.53226,795.64026,393.98822,449.4173,795.64026,393.98822,508.21814,795.64026,339.2604,138.37772,677.344,282.0766,170.4543,772.46173,232.32698,269.51953,945.0321,103.39252,308.20395,854.1002,74.23946,316.9508,835.9138,380.77405,441.32648,729.8325,380.77405,697.96356,729.8325,380.77405,939.36945,729.8325,300.10446,404.0375,822.7018,300.10446,631.7045,822.7018,300.10446,845.8598,822.7018
2022-09-20 13:28:26.751761,1,340.35913,11.407506,527.2982,340.8316,81.99634,639.9131,332.8809,283.7822,783.58435,329.9262,408.11877,730.6695,338.51016,140.91313,676.1081,394.7713,148.56802,798.2084,394.7713,306.9745,798.2084,394.7713,451.1998,798.2084,394.7713,510.1455,798.2084,338.51016,140.91313,676.1081,274.45477,166.7762,775.86646,229.12442,266.53717,952.76685,101.58113,310.8386,837.06445,71.721085,321.2103,813.92395,360.78284,461.12067,671.8263,360.78284,741.5048,671.8263,360.78284,1005.2485,671.8263,295.20227,420.76166,799.7734,295.20227,656.2902,799.7734,295.20227,877.84033,799.7734
2022-09-20 13:28:26.773910,1,328.1219,4.3373804,533.75165,339.68927,83.3054,639.55426,332.80103,287.57968,778.4163,329.34067,413.65756,724.24817,337.6883,142.6455,674.508,395.03146,148.97939,799.9978,395.03146,307.52573,799.9978,395.03146,451.95654,799.9978,395.03146,510.99084,799.9978,337.6883,142.6455,674.508,273.5207,167.25626,779.96045,225.36986,261.88882,962.2492,102.78482,313.23987,821.907,73.06661,325.68887,793.83856,358.90973,456.91797,723.6091,358.90973,718.2129,723.6091,358.90973,964.0002,723.6091,298.3215,442.34198,761.40204,298.3215,690.66724,761.40204,298.3215,924.25464,761.40204
2022-09-20 13:28:26.805184,1,311.23727,-4.7010775,550.8658,338.00665,83.01751,639.093,332.80817,289.08154,774.7959,328.7177,416.21094,719.63025,336.5017,142.67224,673.2286,394.8007,149.06747,800.3915,371.09674,244.8541,588.2583,397.6007,28.867962,475.1645,404.49115,-27.283556,452.54572,336.5017,142.67224,673.2286,271.62003,167.80801,780.6711,221.72493,257.2574,968.83276,105.011246,315.42465,815.5083,76.196304,329.7853,784.8434,371.86755,419.01987,783.4445,371.86755,660.8062,783.4445,371.86755,888.24274,783.4445,291.47858,416.34805,794.0487,291.47858,654.90546,794.0487,291.47858,879.30475,794.0487
2022-09-20 13:28:26.852058,1,295.9982,-5.158262,599.0694,335.76385,83.011086,638.8789,332.78326,287.74066,779.0923,328.15027,414.22015,719.54865,334.89783,142.49677,674.1303,394.35052,148.65971,800.3575,377.59833,238.5684,580.63885,392.43506,17.060791,470.08478,396.28116,-40.360363,447.97397,334.89783,142.49677,674.1303,269.48663,168.46182,781.0127,222.56369,263.6736,962.6029,100.86987,315.32367,809.9404,70.81044,328.0817,779.40796,348.15475,451.98868,641.8785,348.15475,747.0891,641.8785,348.15475,1024.6757,641.8785,275.35168,410.47867,777.4314,275.35168,654.1254,777.4314,275.35168,883.31195,777.4314
2022-09-20 13:28:26.874214,1,289.4743,22.812374,670.3101,332.96176,83.07441,638.8399,331.0865,286.87775,780.8995,327.86707,412.90222,718.5314,332.4162,142.3672,674.54034,393.58597,148.4507,799.568,371.1414,246.86845,590.36066,391.35696,32.54119,476.72018,396.61453,-23.200031,453.9921,332.4162,142.3672,674.54034,268.07382,170.52226,780.62445,224.44537,270.96756,955.2174,97.69263,314.37912,806.7178,66.52824,325.0526,777.0178,357.4853,448.82538,649.72864,357.4853,739.8353,649.72864,357.4853,1013.57416,649.72864,278.4676,437.68372,718.51965,278.4676,700.8324,718.51965,278.4676,948.3634,718.51965
2022-09-20 13:28:26.907120,1,292.0126,48.442097,710.061,328.34686,83.14607,638.8351,328.42096,286.72522,779.57916,328.05048,412.52225,719.1817,328.36838,142.28406,674.19305,391.82385,147.76352,798.01904,367.71582,244.71846,588.9837,392.62402,26.699923,472.33063,399.15878,-30.498007,449.0,328.36838,142.28406,674.19305,266.96042,172.53944,781.86554,225.11581,274.38098,953.32385,95.13756,315.7282,805.8367,63.21559,325.88284,776.33923,370.35016,447.651,703.36597,370.35016,715.5624,703.36597,370.35016,967.5736,703.36597,268.63004,404.60394,771.55176,268.63004,648.83875,771.55176,268.63004,878.5784,771.55176
2022-09-20 13:28:26.938383,1,289.1799,56.588623,728.56793,321.13495,85.06485,646.22266,324.16043,285.99338,777.28516,326.40927,411.34988,720.2877,322.01492,143.50562,679.54944,389.5194,147.51915,799.7955,365.96234,242.27669,590.2114,395.675,27.296595,465.1082,403.64465,-30.366367,440.08752,322.01492,143.50562,679.54944,264.13593,177.0567,785.873,224.33577,277.8745,956.58374,96.25481,317.70844,803.7484,29.647285,338.42377,742.08954,353.04626,446.4609,736.7495,353.04626,701.0174,736.7495,353.04626,940.4661,736.7495,280.19437,409.85535,788.5682,280.19437,647.6843,788.5682,280.19437,871.3983,788.5682
2022-09-20 13:28:26.974124,1,284.06857,54.53088,730.0132,315.40347,86.19721,650.77576,320.4895,285.12894,774.2872,322.15765,409.97415,720.9314,316.88327,144.0771,682.44946,386.8652,146.91353,799.5803,374.84015,247.97366,594.702,455.90848,199.6547,772.4661,467.84174,192.54213,808.0189,316.88327,144.0771,682.44946,261.22827,178.12416,788.6111,223.02995,280.6556,953.9468,95.94784,321.34772,800.7434,29.573952,342.60083,738.77515,342.49664,455.95346,687.97675,342.49664,726.9349,687.97675,342.49664,981.83374,687.97675,274.04715,414.04373,776.1008,274.04715,654.256,776.1008,274.04715,880.2118,776.1008
2022-09-20 13:28:27.005398,1,279.98474,40.70322,714.35095,310.71027,87.11595,654.5981,317.72775,284.91574,768.3484,317.41397,409.40762,721.8945,312.74652,144.51117,683.9805,383.85025,146.23045,798.88153,365.78107,239.23315,589.8663,440.26718,212.59476,786.1127,450.91388,208.7872,825.36194,312.74652,144.51117,683.9805,252.87096,172.11472,790.9805,222.92198,282.4736,945.5811,92.93654,321.09604,800.8433,26.285517,340.9,742.5622,351.56183,437.41318,745.1673,351.56183,685.85297,745.1673,351.56183,919.54803,745.1673,275.72977,404.7348,795.07513,275.72977,637.5797,795.07513,275.72977,856.60547,795.07513
2022-09-20 13:28:27.052806,1,279.92572,20.094437,680.439,308.12823,86.955025,653.87506,314.22284,283.55322,763.1191,311.8059,407.2412,723.4063,309.89935,144.08705,682.25775,381.0938,145.04073,795.8407,382.2641,179.42648,546.1032,382.2641,387.24527,546.1032,382.2641,471.47528,546.1032,309.89935,144.08705,682.25775,239.2283,153.69987,789.41766,224.98003,277.876,926.4526,94.485214,323.4358,813.18414,30.86493,345.64758,767.4403,347.07614,444.0046,710.6811,347.07614,702.45795,710.6811,347.07614,945.57227,710.6811,272.13364,405.46295,792.6473,272.13364,637.1901,792.6473,272.13364,855.1644,792.6473
2022-09-20 13:28:27.082919,1,286.3516,1.3149189,637.82635,306.02475,86.7231,652.8699,312.12897,281.90518,760.1101,309.11517,404.5331,724.24365,307.8005,143.50253,680.812,377.63885,144.89305,793.21106,399.89587,118.82062,528.7853,399.89587,331.14288,528.7853,399.89587,417.34268,528.7853,307.8005,143.50253,680.812,224.53836,127.24282,779.1551,225.66376,262.12164,902.0901,105.78595,327.72037,835.94824,51.685555,357.32483,809.1732,342.17157,431.3259,750.36676,342.17157,674.0118,750.36676,342.17157,902.2944,750.36676,270.10968,402.8799,791.98724,270.10968,632.81213,791.98724,270.10968,849.09814,791.98724
2022-09-20 13:28:27.114303,1,302.53806,-6.5781765,595.1876,304.92407,86.46674,651.77264,311.15894,280.43494,758.28143,308.28546,401.90268,724.7746,306.73615,142.84071,679.51227,374.73975,144.84427,790.1443,402.7096,107.17443,527.28687,402.7096,317.7726,527.28687,402.7096,403.38824,527.28687,306.73615,142.84071,679.51227,213.01328,96.87248,757.195,223.49037,239.04773,877.61053,126.54445,324.21198,866.0003,106.8425,341.5196,863.6783,339.7733,441.72568,694.46423,339.7733,701.5367,694.46423,339.7733,945.92816,694.46423,267.08127,401.58752,787.0026,267.08127,630.84906,787.0026,267.08127,846.50415,787.0026
2022-09-20 13:28:27.145444,1,319.98203,1.0186511,569.57874,304.21457,86.19436,650.615,310.2714,279.19458,757.3458,308.05872,399.3928,725.5049,305.96982,142.1248,678.3175,373.66733,144.00978,785.193,401.87668,112.66416,525.4274,401.87668,321.6569,525.4274,401.87668,406.71274,525.4274,305.96982,142.1248,678.3175,209.67554,76.22971,739.31335,221.64961,222.85666,859.0033,143.40019,315.01303,888.6362,128.3724,332.71164,894.5628,339.43283,424.3627,758.87274,339.43283,659.81134,758.87274,339.43283,881.2864,758.87274,263.0252,395.85596,785.6779,263.0252,623.2717,785.6779,263.0252,837.1906,785.6779
2022-09-20 13:28:27.175089,1,331.58582,12.961996,560.0371,303.41446,85.89739,649.7543,309.62842,278.24585,756.8787,307.89084,397.12744,726.1221,305.20557,141.33984,677.3889,372.5354,143.22104,780.1964,400.05862,124.44848,524.56604,400.05862,331.41766,524.56604,400.05862,415.72433,524.56604,305.20557,141.33984,677.3889,207.59093,70.82809,728.19684,220.70518,217.74506,850.6533,150.48146,311.46066,894.57874,123.854385,346.99524,912.444,338.3758,419.26263,767.68756,338.3758,649.6398,767.68756,338.3758,866.3443,767.68756,266.39984,388.50757,797.11115,266.39984,610.38086,797.11115,266.39984,819.0862,797.11115
2022-09-20 13:28:27.206363,1,335.60583,19.65419,556.797,302.9188,85.443375,648.537,309.02713,277.47412,756.6626,307.6297,395.17358,726.53766,304.66928,140.47392,676.2289,370.65765,142.33228,776.4098,397.14386,133.77284,524.966,397.14386,338.4714,524.966,397.14386,421.91293,524.966,304.66928,140.47392,676.2289,208.11203,73.77188,725.77203,220.95303,218.43741,850.7953,155.11488,311.8163,900.6889,130.35356,346.93555,921.002,340.3365,425.1207,745.457,340.3365,660.1624,745.457,340.3365,881.25464,745.457,266.5647,389.9643,793.65106,266.5647,610.7332,793.65106,266.5647,818.3997,793.65106
2022-09-20 13:28:27.237610,1,332.92334,18.989195,554.58215,302.61768,84.806465,646.70233,308.21527,276.6927,756.6708,307.24164,393.3684,726.62225,304.21378,139.52052,674.66003,370.16513,142.33702,774.62335,393.65024,139.41374,526.43835,393.65024,341.70068,526.43835,393.65024,424.20712,526.43835,304.21378,139.52052,674.66003,207.36096,84.41647,728.2075,221.228,224.86578,856.35034,158.04286,315.7905,911.3525,134.4317,349.76746,933.7638,340.79404,420.764,749.0031,340.79404,652.7602,749.0031,340.79404,870.98755,749.0031,263.5031,385.97787,790.37946,263.5031,605.82904,790.37946,263.5031,812.6322,790.37946
2022-09-20 13:28:27.275380,1,326.38098,12.829228,551.41595,302.2122,82.2386,643.65906,307.80484,274.6702,755.8895,306.79895,390.42963,726.99023,303.79984,136.86626,671.98254,369.51764,141.7033,771.2019,390.9441,138.97607,524.9363,390.9441,340.28098,524.9363,390.9441,422.42563,524.9363,303.79984,136.86626,671.98254,207.82637,102.17655,730.5487,222.14398,236.22055,865.52124,155.40324,320.69806,921.332,130.45538,352.27597,944.0879,338.64612,411.7625,766.1148,338.64612,636.9694,766.1148,338.64612,848.81055,766.1148,268.96506,384.9889,796.6655,268.96506,601.5595,796.6655,268.96506,805.27686,796.6655
2022-09-20 13:28:27.306656,1,316.33377,1.1208684,553.13434,302.00284,79.09726,640.62573,307.58398,272.31543,754.8411,306.32037,387.3136,727.30695,303.58112,133.737,669.26263,368.97046,139.83252,763.87115,389.10507,138.13087,519.53394,389.10507,340.22998,519.53394,389.10507,422.7303,519.53394,303.58112,133.737,669.26263,212.17548,117.242004,728.54974,223.49838,244.85844,872.4962,151.35706,322.11612,927.42725,124.32308,351.06735,949.83655,340.72372,410.30084,757.0472,340.72372,636.86194,757.0472,340.72372,849.9768,757.0472,266.75647,375.16043,798.90247,266.75647,589.85175,798.90247,266.75647,791.80133,798.90247
2022-09-20 13:28:27.353514,1,300.2147,-12.178676,565.9314,301.8016,75.667336,637.65826,307.3824,269.7787,753.69824,305.58624,384.14154,727.6062,303.3749,130.38945,666.59045,368.19922,138.44818,757.0183,386.99417,138.40099,514.44666,386.99417,341.427,514.44666,386.99417,424.33133,514.44666,303.3749,130.38945,666.59045,215.90634,119.87784,727.1593,224.12173,245.79283,872.326,150.4514,321.26935,925.8074,136.72705,335.3302,936.50366,340.50055,404.90036,759.7732,340.50055,629.5532,759.7732,340.50055,840.87317,759.7732,274.02414,376.72363,803.39136,274.02414,589.1795,803.39136,274.02414,789.02637,803.39136
2022-09-20 13:28:27.375677,1,284.00345,-15.717524,594.77515,301.57843,72.11721,634.8404,307.17484,267.09586,752.49365,304.94955,380.90167,728.19403,303.1529,126.97089,664.0496,366.59528,137.84616,751.0127,387.47757,139.16414,509.77792,387.47757,343.17603,509.77792,387.47757,426.50372,509.77792,303.1529,126.97089,664.0496,218.36241,117.116325,726.24475,224.43936,243.72374,869.0796,151.97374,319.344,924.9056,138.51782,333.38565,936.0708,340.5388,401.92307,758.6223,340.5388,626.03,758.6223,340.5388,836.83636,758.6223,267.9577,370.11838,799.0113,267.9577,582.897,799.0113,267.9577,783.04736,799.0113
2022-09-20 13:28:27.406953,1,273.8036,-7.4772806,624.56366,301.37207,69.45844,632.2803,306.99637,264.77704,751.76624,304.39612,378.08426,728.9627,302.9545,124.4127,661.87885,364.40372,136.53188,747.7993,387.6325,140.45047,508.1634,387.6325,344.4011,508.1634,387.6325,427.72052,508.1634,302.9545,124.4127,661.87885,219.8508,112.1515,725.5486,224.62854,240.38599,864.86304,154.7832,317.65515,923.5904,141.86664,331.94464,935.3359,342.04614,401.3358,756.9714,342.04614,625.2113,756.9714,342.04614,835.7999,756.9714,264.4336,368.80655,796.2413,264.4336,581.64075,796.2413,264.4336,781.8433,796.2413
2022-09-20 13:28:27.438202,1,269.05765,2.2514071,644.8494,301.18164,67.369774,629.92554,306.7967,262.5899,751.23865,303.65094,375.46384,729.6958,302.7647,122.408966,659.9727,362.13306,134.90173,745.9942,387.3509,141.73283,508.02985,387.3509,345.16092,508.02985,387.3509,428.28036,508.02985,302.7647,122.408966,659.9727,221.04483,106.85518,724.9254,224.82687,236.80411,860.764,157.40997,315.77206,921.87305,144.98509,330.32578,934.09485,342.46555,398.29898,763.30457,342.46555,619.7364,763.30457,342.46555,828.0317,763.30457,263.29236,366.0049,798.41547,263.29236,577.70447,798.41547,263.29236,776.83984,798.41547
2022-09-20 13:28:27.475585,1,266.5928,6.649854,651.64276,300.9722,66.05769,628.4563,306.61505,260.7587,750.9863,302.97464,373.27386,730.24786,302.56778,121.112305,658.85284,360.83276,133.85042,744.033,387.27728,142.51506,507.29294,387.27728,345.76868,507.29294,387.27728,428.82764,507.29294,302.56778,121.112305,658.85284,222.46051,105.41658,724.5265,225.16895,235.49799,859.5702,158.48535,314.97345,920.9025,146.2005,329.6149,933.169,342.3788,394.33707,771.5457,342.3788,612.9407,771.5457,342.3788,818.5703,771.5457,263.02234,368.05814,798.2965,263.02234,579.33636,798.2965,263.02234,778.07544,798.2965
2022-09-20 13:28:27.515330,1,263.76373,4.6903434,646.5431,300.77835,64.854324,627.3875,306.41705,259.04773,750.74286,302.3318,371.2592,730.7402,302.37726,119.91908,658.0469,360.10248,132.75652,742.1306,387.1264,142.29668,506.24496,387.1264,345.58582,506.24496,387.1264,428.66797,506.24496,302.37726,119.91908,658.0469,223.51097,103.88429,724.1719,225.43344,234.24875,858.25323,159.25482,314.13217,919.7162,147.06653,328.8445,932.0088,340.83875,399.33682,761.073,340.83875,620.5593,761.073,340.83875,828.65247,761.073,263.11407,370.83853,795.5751,263.11407,582.46716,795.5751,263.11407,781.5358,795.5751
2022-09-20 13:28:27.546583,1,265.14386,-10.947309,615.55084,300.58902,64.09204,626.9879,306.20532,257.8552,750.23676,301.69443,369.83655,731.1176,302.18457,119.13893,657.68256,359.2236,132.1424,741.2005,386.7566,142.07768,505.90393,386.7566,345.187,505.90393,386.7566,428.20267,505.90393,302.18457,119.13893,657.68256,224.45782,103.46716,724.2165,225.7367,233.79828,857.7311,159.5592,313.79022,918.67426,147.36354,328.5317,930.8629,339.1542,402.45605,754.54474,339.1542,625.2692,754.54474,339.1542,834.8586,754.54474,263.09866,373.6771,793.0556,263.09866,585.6704,793.0556,263.09866,785.08215,793.0556
2022-09-20 13:28:27.575735,1,285.394,-25.991865,560.3632,300.3995,63.151787,626.48816,305.9749,256.75836,749.4099,301.24225,368.56195,731.47766,301.98538,118.22128,657.1475,358.4149,131.4698,740.2333,386.23944,141.85077,505.48047,386.23944,344.8681,505.48047,386.23944,427.85175,505.48047,301.98538,118.22128,657.1475,224.98146,103.4202,723.4914,225.84099,233.62018,857.03845,159.70695,313.5825,917.959,147.5197,328.31805,930.14307,337.8684,399.0478,763.3987,337.8684,619.0119,763.3987,337.8684,825.9213,763.3987,263.52124,372.9041,794.54645,263.52124,584.24524,794.54645,263.52124,783.0434,794.54645
2022-09-20 13:28:27.606993,1,319.23996,-4.999635,530.7962,300.21667,62.74533,626.2616,305.7639,256.1221,748.9234,301.1102,367.80286,731.66614,301.79602,117.8021,656.89343,358.09393,130.91862,739.2903,385.80133,142.29317,505.14233,385.80133,345.23657,505.14233,385.80133,428.19443,505.14233,301.79602,117.8021,656.89343,225.14432,103.71516,722.5115,225.88156,233.70543,856.4575,159.68279,313.75983,916.84955,147.47594,328.5216,928.928,337.33127,398.93286,763.76215,337.33127,618.58057,763.76215,337.33127,825.1923,763.76215,264.1807,373.1199,795.117,264.1807,584.10596,795.117,264.1807,782.5701,795.117
2022-09-20 13:28:27.638264,1,335.71973,18.25216,529.87695,300.0372,62.36364,626.0503,305.5639,255.57214,748.50323,301.13,367.16025,731.8192,301.61197,117.41539,656.66016,357.80817,130.41177,738.42487,385.07477,144.0488,505.21344,385.07477,346.79578,505.21344,385.07477,429.67694,505.21344,301.61197,117.41539,656.66016,225.27426,104.01354,721.59796,225.91394,233.83582,855.88745,159.63062,313.9872,915.76044,147.40062,328.77603,927.73505,337.1402,398.47748,764.58435,337.1402,617.7197,764.58435,337.1402,823.95013,764.58435,265.09473,372.1176,796.95135,265.09473,582.4557,796.95135,265.09473,780.31036,796.95135
2022-09-20 13:28:27.676011,1,341.49783,29.133474,532.49554,299.88065,62.171715,625.9568,305.3579,255.20459,748.234,301.1654,366.72314,731.9117,301.4423,117.2081,656.5477,357.52252,130.08185,737.83563,383.94415,150.73822,507.12146,383.94415,352.58856,507.12146,383.94415,435.10608,507.12146,301.4423,117.2081,656.5477,225.60342,104.312775,721.29736,226.04796,234.01506,855.58575,159.56682,314.1589,914.914,147.29199,328.95636,926.77966,337.48145,399.27274,761.618,337.48145,619.23303,761.618,337.48145,826.1388,761.618,264.5262,372.4468,795.3968,264.5262,583.0658,795.3968,264.5262,781.18475,795.3968
2022-09-20 13:28:27.707284,1,343.6985,30.064384,534.1519,299.6744,61.880993,625.8722,305.15945,254.8104,747.94617,301.20667,366.27255,732.0054,301.239,116.91411,656.4333,357.24625,129.73047,737.2879,382.68985,159.5924,510.17505,382.68985,360.12823,510.17505,382.68985,442.1106,510.17505,301.239,116.91411,656.4333,225.87619,104.604256,721.0965,226.16772,234.23352,855.2837,159.61818,314.00134,915.2383,147.34102,328.71707,927.2292,338.09265,401.02576,755.49664,338.09265,622.6586,755.49664,338.09265,831.13776,755.49664,262.88852,373.70663,791.2285,262.88852,585.33057,791.2285,262.88852,784.3948,791.2285
2022-09-20 13:28:27.738535,1,343.8562,26.17701,534.5939,299.48645,61.747185,625.7978,304.97656,254.55937,747.74994,301.23938,365.9788,732.0645,301.05322,116.77215,656.3464,357.0011,129.48198,736.90967,381.2236,168.27283,513.7171,381.2236,367.34143,513.7171,381.2236,448.72583,513.7171,301.05322,116.77215,656.3464,226.10344,104.8764,720.9994,226.29031,234.45406,855.0509,159.59494,313.99942,915.122,147.29298,328.67154,927.1362,337.90024,400.79794,755.4991,337.90024,622.3424,755.4991,337.90024,830.7384,755.4991,262.70917,373.78745,790.26196,262.70917,585.58636,790.26196,262.70917,784.8152,790.26196
2022-09-20 13:28:27.776295,1,337.00812,11.476737,532.6015,299.28738,61.61404,625.7062,304.7882,254.33487,747.5675,301.2696,365.72104,732.11566,300.85788,116.63599,656.2477,356.77374,129.25894,736.57214,380.38867,170.55167,514.6337,380.38867,369.1982,514.6337,380.38867,450.41147,514.6337,300.85788,116.63599,656.2477,226.25252,104.78019,721.0384,226.40953,234.44002,854.7475,159.66246,313.9235,914.85455,147.35188,328.58313,926.876,337.75214,400.461,755.7611,337.75214,621.8585,755.7611,337.75214,830.1163,755.7611,263.06857,373.09317,790.8744,263.06857,584.6611,790.8744,263.06857,783.6726,790.8744
2022-09-20 13:28:27.817030,1,304.518,-19.381218,538.1126,299.20114,61.478256,625.6041,304.60144,254.12885,747.386,301.2983,365.4893,732.1618,300.74356,116.50189,656.1402,356.62683,129.08229,736.318,380.75925,168.89827,513.80383,380.75925,367.81158,513.80383,380.75925,449.13507,513.80383,300.74356,116.50189,656.1402,226.40555,104.696304,721.0148,226.52586,234.57072,854.063,159.78674,313.8045,914.8994,147.49,328.40338,927.0667,337.56952,400.15094,756.09357,337.56952,621.3951,756.09357,337.56952,829.5085,756.09357,263.3578,371.83585,791.90094,263.3578,583.076,791.90094,263.3578,781.7792,791.90094
2022-09-20 13:28:27.848284,1,262.52713,-18.568981,595.24365,299.12054,61.340584,625.4916,304.52795,253.93887,747.21387,301.31915,365.2761,732.20386,300.66553,116.368935,656.0253,356.50757,128.93198,736.11,381.13083,163.8017,511.47668,381.13083,363.5766,511.47668,381.13083,445.25323,511.47668,300.66553,116.368935,656.0253,226.5436,104.608376,721.05524,226.64,234.60307,853.7009,159.89905,313.71683,914.8671,147.60764,328.28687,927.10034,337.80716,401.17325,752.2228,337.80716,623.5108,752.2228,337.80716,832.6527,752.2228,263.347,371.01855,792.00977,263.347,582.1868,792.00977,263.347,780.82245,792.00977
2022-09-20 13:28:27.876446,1,256.57022,12.858868,656.5559,299.09882,61.313137,625.4513,304.4934,253.84215,747.11096,301.33444,365.16132,732.2266,300.6406,116.337654,655.9803,356.28412,128.87947,736.2634,382.16516,147.01868,505.29794,382.16516,349.2012,505.29794,382.16516,431.86295,505.29794,300.6406,116.337654,655.9803,226.64236,104.53785,721.1262,226.65681,234.31596,854.2733,159.94193,313.68375,914.695,147.64284,328.31543,926.77936,337.63855,406.28403,736.32166,337.63855,633.3861,736.32166,337.63855,847.0099,736.32166,264.4944,374.30634,790.4126,264.4944,585.86694,790.4126,264.4944,784.87164,790.4126
2022-09-20 13:28:27.907705,1,262.2951,32.252483,685.83105,299.06793,61.31185,625.4364,304.47607,253.77895,747.02124,301.34772,365.08414,732.2431,300.61392,116.331505,655.9563,355.8758,128.65947,736.94995,382.9315,130.53392,501.25513,382.9315,334.31873,501.25513,382.9315,417.6362,501.25513,300.61392,116.331505,655.9563,226.69234,104.48468,721.2283,226.65932,234.06044,854.83936,159.93886,313.6298,914.57214,147.62712,328.3125,926.5187,335.38907,408.90555,733.5249,335.38907,636.84393,733.5249,335.38907,851.2544,733.5249,265.70242,377.9837,788.9398,265.70242,589.91174,788.9398,265.70242,789.2621,788.9398
2022-09-20 13:28:27.938957,1,265.42487,39.316574,698.60614,298.11877,65.45939,632.15027,304.53302,256.7519,749.3433,301.2582,368.09897,731.5867,299.94296,119.86268,661.57605,355.24762,130.42833,743.02594,382.11612,130.13046,506.61838,382.11612,331.73547,506.61838,382.11612,414.16217,506.61838,299.94296,119.86268,661.57605,224.49585,105.63711,724.52856,226.16544,235.16528,856.8285,159.03587,314.5551,915.11707,146.62326,329.2347,926.7748,335.99124,408.7093,733.37897,335.99124,636.6694,733.37897,335.99124,851.10016,733.37897,265.42728,376.0474,790.82605,265.42728,587.448,790.82605,265.42728,786.3022,790.82605
2022-09-20 13:28:27.976758,1,265.1987,36.30554,697.4238,297.14688,68.671394,637.01196,304.59732,259.06918,751.0095,301.18048,370.46014,730.9712,299.25803,122.622314,665.6424,353.77997,131.243,748.3519,381.2234,132.35667,512.3117,381.2234,331.70346,512.3117,381.2234,413.20728,512.3117,299.25803,122.622314,665.6424,222.94542,106.31666,726.73096,225.86165,235.84561,858.08966,158.46753,315.28055,915.07355,145.98355,329.99496,926.47034,334.9867,408.90036,735.5527,334.9867,636.16785,735.5527,334.9867,849.9472,735.5527,264.20465,372.08093,792.89453,264.20465,582.91254,792.89453,264.20465,781.23145,792.89453
2022-09-20 13:28:28.008017,1,266.20615,20.9699,679.0653,296.49146,70.10283,639.00885,304.63364,260.07974,751.7032,301.15112,371.48947,730.6747,298.79544,123.86015,667.3179,352.4431,131.04642,750.90845,380.7392,136.01198,516.04553,380.7392,333.90228,516.04553,380.7392,414.8109,516.04553,298.79544,123.86015,667.3179,222.47809,106.47774,727.5239,225.75941,235.97014,858.6378,158.36356,315.52255,915.0852,145.86998,330.26965,926.3747,333.38776,409.33405,737.7167,333.38776,635.9198,737.7167,333.38776,849.0579,737.7167,265.60046,376.16837,791.04614,265.60046,587.4786,791.04614,265.60046,786.2477,791.04614
2022-09-20 13:28:28.039269,1,278.48145,-9.600986,622.3743,296.21048,71.16644,639.94434,304.66403,260.82062,752.1954,301.13025,372.2449,730.4464,298.60156,124.81047,668.14703,352.50516,131.06224,750.6912,380.31244,148.97804,519.84686,380.31244,345.4101,519.84686,380.31244,425.72275,519.84686,298.60156,124.81047,668.14703,222.46625,106.411026,727.70404,225.7706,235.87729,858.82666,158.43915,315.56845,915.012,145.95308,330.34653,926.2491,332.26678,410.38037,735.8938,332.26678,637.5153,735.8938,332.26678,851.17004,735.8938,263.79135,371.10394,792.9067,263.79135,581.9071,792.9067,263.79135,780.1992,792.9067
2022-09-20 13:28:28.083485,1,306.83105,-10.002263,562.5032,295.98666,71.476715,640.3166,304.67346,261.0199,752.31116,301.1322,372.4458,730.38556,298.44333,125.080574,668.45905,353.1212,130.5866,749.2636,379.34802,167.54114,526.0199,379.34802,361.65912,526.0199,379.34802,441.02585,526.0199,298.44333,125.080574,668.45905,222.68065,106.32254,727.62396,225.82877,235.742,858.89526,158.56563,315.55588,914.92456,146.08963,330.35977,926.13043,328.42648,398.76736,772.98926,328.42648,614.99304,772.98926,328.42648,818.38586,772.98926,270.48978,369.19666,803.88525,270.48978,577.112,803.88525,270.48978,772.6878,803.88525
2022-09-20 13:28:28.114737,1,324.86395,16.589314,546.09235,295.90475,71.72166,640.49146,304.68103,261.17224,752.4113,301.13785,372.5989,730.3368,298.38678,125.30036,668.61865,353.2869,130.39302,748.3523,378.67325,177.5466,530.10834,378.67325,370.16043,530.10834,378.67325,448.91232,530.10834,298.38678,125.30036,668.61865,222.90282,106.14352,727.3871,225.8888,235.53726,858.85516,158.88297,315.7239,914.5966,146.4501,330.60245,925.74493,330.8523,406.94107,750.7607,330.8523,629.56116,750.7607,330.8523,838.96893,750.7607,266.77652,366.96497,800.769,266.77652,575.6824,800.769,266.77652,772.0125,800.769
2022-09-20 13:28:28.146015,1,331.59106,33.48721,545.403,295.8714,71.8227,640.57544,304.68103,261.2769,752.24603,301.1318,372.76862,729.7837,298.36252,125.395386,668.64355,352.8438,130.54178,748.0437,379.13144,172.50839,527.1807,379.13144,366.18622,527.1807,379.13144,445.37326,527.1807,298.36252,125.395386,668.64355,223.10388,105.9407,727.1019,225.94272,235.29776,858.8346,159.18515,315.85153,914.2747,146.79353,330.804,925.36273,329.52698,399.82043,769.9414,329.52698,616.88873,769.9414,329.52698,821.07416,769.9414,266.42258,378.56995,790.32007,266.42258,590.0411,790.32007,266.42258,788.96155,790.32007
2022-09-20 13:28:28.177260,1,336.0116,35.0455,547.3767,295.80734,71.62362,639.7928,304.66907,261.16666,751.8426,301.12747,372.72952,729.23267,298.31476,125.254654,667.95996,352.1966,130.5481,747.34076,379.2969,168.40834,524.5645,379.2969,363.04758,524.5645,379.2969,442.62778,524.5645,298.31476,125.254654,667.95996,223.17686,105.60535,726.062,225.96997,234.90884,858.5098,159.53276,315.8136,913.9702,147.20128,330.8304,925.0623,331.55484,405.4512,754.2531,331.55484,627.0296,754.2531,331.55484,835.4576,754.2531,265.75732,384.00983,782.59705,265.75732,597.5632,782.59705,265.75732,798.4423,782.59705
2022-09-20 13:28:28.208931,1,338.1687,20.949549,552.4442,295.74255,71.42474,639.0164,304.65717,261.0541,751.4473,301.11963,372.68625,728.6986,298.2665,125.11384,667.2833,351.50668,130.64696,746.7842,379.51688,162.17589,521.2514,379.51688,358.04855,521.2514,379.51688,438.13315,521.2514,298.2665,125.11384,667.2833,223.16556,105.27302,725.0458,225.9707,234.54555,858.1461,160.0376,316.00146,913.53845,147.79897,331.1215,924.61694,330.84863,402.12378,763.47217,330.84863,621.02277,763.47217,330.84863,826.9303,763.47217,269.28806,379.39365,792.7338,269.28806,590.2126,792.7338,269.28806,788.51953,792.7338
2022-09-20 13:28:28.240187,1,313.85193,-14.129827,588.00775,295.67734,71.19624,638.31396,304.6443,260.92148,751.0409,301.11188,372.6195,728.2015,298.2175,124.9414,666.65936,350.76236,130.49937,746.70404,379.64697,154.78319,518.37463,379.64697,351.73987,518.37463,379.64697,432.26773,518.37463,298.2175,124.9414,666.65936,223.12523,104.96681,724.1662,225.97867,234.15387,858.0099,160.54193,316.21338,913.0942,148.39072,331.45132,924.111,331.81195,403.63165,759.0446,331.81195,623.8043,759.0446,331.81195,830.91,759.0446,267.57132,379.1994,790.82996,267.57132,590.5228,790.82996,267.57132,789.3044,790.82996
2022-09-20 13:28:28.277456,1,276.21762,10.30621,666.47424,295.61307,70.96265,637.61304,304.63104,260.78546,750.6328,301.10522,372.54678,727.7336,298.16904,124.764244,666.03613,349.93713,129.90378,747.22723,379.6438,146.34332,516.27594,379.6438,344.0981,516.27594,379.6438,424.95233,516.27594,298.16904,124.764244,666.03613,222.99619,104.675835,723.2307,225.95322,233.85721,857.62427,161.06122,316.4854,912.6472,149.01056,331.8297,923.6518,333.07166,407.27985,747.7914,333.07166,630.7632,747.7914,333.07166,840.983,747.7914,267.64633,373.7913,795.9436,267.64633,583.7545,795.9436,267.64633,781.25665,795.9436
2022-09-20 13:28:28.308732,1,268.19904,33.657253,694.13184,295.5467,70.7736,636.81824,304.61887,260.68353,750.22675,301.09604,372.5141,727.217,298.1197,124.63466,665.34326,349.2003,129.32848,747.6071,379.6397,143.51468,516.0889,379.6397,341.33893,516.0889,379.6397,422.22162,516.0889,298.1197,124.63466,665.34326,222.91702,104.406334,722.39026,225.89505,233.67963,856.99286,161.49977,316.72696,912.27936,149.54611,332.14297,923.3367,331.74597,403.47113,759.5665,331.74597,623.4876,759.5665,331.74597,830.4463,759.5665,267.6986,369.69507,799.29913,267.6986,578.7747,799.29913,267.6986,775.4456,799.29913
2022-09-20 13:28:28.339983,1,264.47488,39.510048,707.26337,292.94012,73.13386,645.709,304.7333,262.54755,751.0792,300.9931,374.4937,726.1022,296.25488,126.37315,672.21606,348.93216,131.31487,756.24615,377.9578,147.96075,525.2777,377.9578,342.32248,525.2777,377.9578,421.7895,525.2777,296.25488,126.37315,672.21606,217.62122,106.369026,727.74603,224.74997,235.60162,860.26025,159.97636,318.57526,913.2586,147.91344,334.0276,923.8583,329.35217,399.87607,770.43634,329.35217,616.7864,770.43634,329.35217,820.82324,770.43634,264.98303,369.34576,796.2667,264.98303,579.2196,796.2667,264.98303,776.6377,796.2667
2022-09-20 13:28:28.377642,1,263.71097,37.468422,707.0488,291.20383,74.561005,651.22534,304.82693,263.64087,751.3424,300.91797,375.68582,725.2334,295.01108,127.40292,676.4147,348.67215,132.59636,762.5023,376.45047,156.77945,534.1282,376.45047,347.91873,534.1282,376.45047,426.06824,534.1282,295.01108,127.40292,676.4147,213.45859,107.42648,730.48065,223.87842,236.65088,861.88403,159.02036,319.57236,913.95166,146.92554,335.03568,924.3652,327.59454,403.31036,765.3445,327.59454,621.6617,765.3445,327.59454,827.0541,765.3445,265.6258,371.64343,795.1577,265.6258,581.808,795.1577,265.6258,779.4995,795.1577
2022-09-20 13:28:28.408915,1,264.7579,24.245386,690.944,290.30124,74.9504,652.7392,304.8595,263.94962,751.1425,300.8817,376.08295,724.4997,294.36282,127.67892,677.50104,348.89893,133.37614,765.04395,375.88852,161.1025,537.95416,375.88852,350.88037,537.95416,375.88852,428.4733,537.95416,294.36282,127.67892,677.50104,211.05045,107.73021,731.60156,223.34612,237.04424,862.3195,158.68448,320.08484,914.2157,146.6232,335.57434,924.5949,328.4342,407.97278,753.2217,328.4342,629.8361,753.2217,328.4342,838.5321,753.2217,266.14008,370.05405,796.4466,266.14008,579.8764,796.4466,266.14008,777.246,796.4466
2022-09-20 13:28:28.440172,1,277.09732,-4.079643,636.364,289.77142,74.96407,652.77356,304.84808,264.60245,748.1469,300.8266,376.9935,723.8461,293.96686,127.73562,676.7819,349.18756,133.79489,766.4502,375.75974,160.89972,539.0239,375.75974,350.29868,539.0239,375.75974,427.73666,539.0239,293.96686,127.73562,676.7819,209.55081,107.23272,732.5791,222.96455,236.8735,862.2058,158.69862,320.25696,914.09503,146.71115,335.81042,924.4729,328.7644,412.95276,737.9595,328.7644,639.4019,737.9595,328.7644,852.41156,737.9595,264.07175,372.2414,790.9979,264.07175,583.5066,790.9979,264.07175,782.23334,790.9979
2022-09-20 13:28:28.477950,1,306.3594,-3.646204,575.19086,289.47003,74.31923,650.2326,304.78064,265.04953,743.60657,300.79224,377.68466,723.60925,293.7263,127.341286,673.75165,349.21097,133.64203,766.12476,375.8145,160.47179,538.6094,375.8145,350.0137,538.6094,375.8145,427.51016,538.6094,293.7263,127.341286,673.75165,208.88884,102.80893,733.42017,222.5569,233.99556,859.9679,160.16016,318.92673,913.05,148.5414,334.74155,923.6664,329.00928,414.37656,731.7136,329.00928,642.7553,731.7136,329.00928,857.5801,731.7136,268.86234,368.02628,799.2262,268.86234,577.1134,799.2262,268.86234,773.7913,799.2262
2022-09-20 13:28:28.509229,1,324.78302,19.622084,558.52136,289.2183,73.42017,646.7244,304.6922,265.383,738.61383,300.77017,378.1744,723.53296,293.51883,126.77077,669.88617,349.09308,133.26538,765.001,375.88568,160.18204,537.58307,375.88568,350.08224,537.58307,375.88568,427.7252,537.58307,293.51883,126.77077,669.88617,208.92203,92.2997,734.1622,222.01369,226.7298,854.6726,163.59163,314.95175,910.2602,152.75313,331.31873,921.3777,328.82562,414.8467,729.3279,328.82562,643.9683,729.3279,328.82562,859.49176,729.3279,267.4239,369.07812,795.71643,267.4239,579.08356,795.71643,267.4239,776.62537,795.71643
2022-09-20 13:28:28.540475,1,333.38943,33.569466,555.88544,288.99985,72.39779,642.781,304.62244,264.65604,737.66473,300.80292,377.47464,723.3553,293.3595,126.04964,666.7126,348.5605,132.59729,764.01746,375.8478,159.84619,536.8947,375.8478,349.98532,536.8947,375.8478,427.72598,536.8947,293.3595,126.04964,666.7126,209.7024,88.99882,734.317,222.00548,224.3828,852.9808,164.59195,313.50452,909.16016,153.95032,330.0233,920.39606,327.75964,408.3142,750.1215,327.75964,631.07916,750.1215,327.75964,840.6232,750.1215,268.4291,368.0023,797.2982,268.4291,577.58606,797.2982,268.4291,774.73126,797.2982
2022-09-20 13:28:28.578286,1,337.22247,34.174973,555.69727,288.8296,71.52953,639.4697,304.56653,263.82178,737.6689,300.84155,376.6383,723.2466,293.23975,125.41815,664.2504,348.36353,132.11464,762.8809,375.33588,165.06406,538.259,375.33588,354.71548,538.259,375.33588,432.2567,538.259,293.23975,125.41815,664.2504,210.21716,89.56708,734.3898,222.11972,224.75598,853.3688,164.38016,313.69928,909.1805,153.67259,330.19345,920.34283,327.65253,409.86664,745.8529,327.65253,633.8997,745.8529,327.65253,844.6366,745.8529,268.7669,367.55127,797.6488,268.7669,577.03656,797.6488,268.7669,774.0892,797.6488
2022-09-20 13:28:28.609561,1,339.32846,23.755985,558.27264,288.67197,70.69888,636.3338,304.51276,262.99567,737.7432,300.8802,375.79327,723.2428,293.12915,124.80629,661.9358,348.62817,131.89355,760.9406,374.79272,173.76186,540.4937,374.79272,362.6219,540.4937,374.79272,439.83957,540.4937,293.12915,124.80629,661.9358,210.72986,90.37972,734.35345,222.2152,225.2956,853.8456,164.09637,313.9976,909.2837,153.31279,330.4557,920.37134,327.63892,411.94522,739.3534,327.63892,637.9391,739.3534,327.63892,850.5204,739.3534,268.9351,366.7979,797.92053,268.9351,576.20386,797.92053,268.9351,773.18176,797.92053
2022-09-20 13:28:28.640813,1,330.48346,-3.0280595,575.5259,288.5013,69.78585,632.92236,304.44406,262.11017,737.73535,300.88327,374.87622,723.3219,293.0061,124.129074,659.3934,347.72906,130.52711,756.2051,374.79034,176.46216,538.0774,374.79034,366.16125,538.0774,374.79034,443.72202,538.0774,293.0061,124.129074,659.3934,212.74565,90.75643,732.0236,222.5963,225.4378,853.16626,164.1177,313.82306,909.0173,153.27383,330.2126,920.1875,324.92987,408.02936,752.6459,324.92987,630.02136,752.6459,324.92987,838.8383,752.6459,266.3009,367.4823,794.0968,266.3009,577.8866,794.0968,266.3009,775.8036,794.0968
2022-09-20 13:28:28.678589,1,299.51617,-10.354443,623.83765,288.34128,68.92539,629.7407,304.37805,261.24063,737.7955,300.88223,373.971,723.4145,292.89066,123.48224,657.03894,347.0445,129.31056,751.9055,375.4126,175.11807,533.9254,375.4126,366.28125,533.9254,375.4126,444.4406,533.9254,292.89066,123.48224,657.03894,214.47028,91.17275,729.8539,222.95164,225.5035,852.8563,164.0587,313.59448,908.80457,153.13966,329.92697,919.9942,321.614,404.3916,763.7215,321.614,623.15155,763.7215,321.614,828.9284,763.7215,264.3151,368.90964,790.61926,264.3151,580.2271,790.61926,264.3151,779.0031,790.61926
2022-09-20 13:28:28.709864,1,278.44525,9.289333,664.1336,288.2443,68.40301,627.82544,303.57214,259.88818,740.7146,300.19043,372.18793,725.92126,292.6159,123.015945,656.35535,346.54413,127.1753,749.746,375.64905,173.2888,532.3988,375.64905,364.98688,532.3988,375.64905,443.36496,532.3988,292.6159,123.015945,656.35535,215.12732,93.01981,727.29364,223.0124,226.559,853.10944,163.57669,314.02554,909.34674,152.56094,330.23648,920.5942,320.68823,403.36456,766.7108,320.68823,621.25653,766.7108,320.68823,826.2169,766.7108,263.08707,368.54065,791.72534,263.08707,579.54834,791.72534,263.08707,778.03296,791.72534
2022-09-20 13:28:28.741115,1,269.1984,23.970879,681.4806,288.1915,68.11828,626.787,302.7317,258.46466,744.52167,299.45737,370.1372,729.77747,292.35983,122.685974,656.55066,346.14407,125.48538,748.2639,375.9864,170.35535,530.6645,375.9864,362.6643,530.6645,375.9864,441.29214,530.6645,292.35983,122.685974,656.55066,215.45442,95.12811,725.0044,222.94955,227.90944,853.173,163.02579,314.72897,909.8518,151.92589,330.81082,921.18756,319.86874,399.91983,774.2661,319.86874,615.6681,774.2661,319.86874,818.61194,774.2661,263.1604,366.87186,795.92303,263.1604,576.7497,795.92303,263.1604,774.17145,795.92303
2022-09-20 13:28:28.778890,1,266.66714,27.823965,684.39716,288.1358,67.817444,625.6934,301.88272,257.10208,747.9124,298.6883,368.04364,734.5923,292.09546,122.338844,656.59924,345.6684,124.85511,746.34186,376.2067,171.06734,529.62036,376.2067,363.7374,529.62036,376.2067,442.51288,529.62036,292.09546,122.338844,656.59924,215.72559,97.321365,722.68713,222.85332,229.27307,853.28577,162.40051,315.5752,909.93726,151.20213,331.56195,921.2676,319.6056,396.8601,783.5602,319.6056,610.0294,783.5602,319.6056,810.5473,783.5602,261.35376,365.9226,799.9831,261.35376,574.7157,799.9831,261.35376,771.1171,799.9831
2022-09-20 13:28:28.810174,1,270.91937,20.215284,676.22473,288.08716,67.553986,624.7404,300.88428,257.52426,745.3041,297.57657,368.72995,732.9366,291.77048,122.232056,655.2486,345.2098,124.511,744.5372,376.32135,172.5737,528.9159,376.32135,365.47986,528.9159,376.32135,444.35187,528.9159,291.77048,122.232056,655.2486,215.80496,97.346146,720.5617,222.57065,229.16658,852.35,162.45834,315.64752,909.5158,151.3314,331.65536,920.949,312.8051,397.59116,785.1683,312.8051,610.3012,785.1683,312.8051,810.38715,785.1683,262.61304,364.48984,803.17834,262.61304,572.4302,803.17834,262.61304,768.0295,803.17834
2022-09-20 13:28:28.841416,1,287.34366,0.8707683,649.392,288.00674,67.11855,623.17017,299.8914,257.45502,743.5615,296.41125,368.76004,732.2842,291.4308,121.95584,653.6622,344.75067,124.06226,742.37463,376.4489,174.67215,528.2755,376.4489,367.7891,528.2755,376.4489,446.74728,528.2755,291.4308,121.95584,653.6622,215.94398,96.18265,718.4118,222.33017,228.2365,850.8572,162.91354,315.18866,908.823,151.9283,331.26483,920.41614,314.95892,398.4536,779.94446,314.95892,612.5628,779.94446,314.95892,813.9648,779.94446,260.966,365.28485,800.10815,260.966,573.9982,800.10815,260.966,770.3246,800.10815
2022-09-20 13:28:28.879192,1,321.92712,-12.702031,593.72504,287.96967,66.91737,622.449,298.90186,257.16116,743.2696,295.31903,368.5117,731.8237,291.1239,121.8081,653.0791,344.46082,123.60725,741.06696,376.52917,176.06749,528.1488,376.52917,369.20517,528.1488,376.52917,448.17184,528.1488,291.1239,121.8081,653.0791,215.87756,94.860725,716.7664,222.07246,227.23567,849.49963,163.4543,314.5243,908.75055,152.63611,330.6337,920.6007,315.65384,406.00967,760.4707,315.65384,625.5726,760.4707,315.65384,832.1046,760.4707,261.17368,365.07675,800.35034,261.17368,573.6993,800.35034,261.17368,769.9403,800.35034
2022-09-20 13:28:28.910470,1,343.24323,7.230282,560.40497,287.95236,66.82323,622.11334,298.41257,256.88617,743.23755,294.9585,368.24377,731.65234,290.97406,121.72796,652.84796,344.25708,123.23554,740.2144,376.27856,179.72328,529.77057,376.27856,372.24164,529.77057,376.27856,450.9551,529.77057,290.97406,121.72796,652.84796,216.10231,93.87295,716.021,221.89691,226.47406,848.7168,163.84264,314.03348,908.7021,153.13954,330.17624,920.69916,316.92596,408.33676,750.71625,316.92596,630.72015,750.71625,316.92596,839.9052,750.71625,261.86526,364.54807,800.7815,261.86526,573.0279,800.7815,261.86526,769.13464,800.7815
2022-09-20 13:28:28.941724,1,349.684,27.67037,553.4364,287.93738,66.74191,621.82275,298.20496,256.5567,743.30524,294.8091,367.91293,731.49536,290.9075,121.64991,652.6796,344.07922,122.92122,739.4464,376.12643,182.01706,530.70154,376.12643,374.16718,530.70154,376.12643,452.73004,530.70154,290.9075,121.64991,652.6796,216.43571,92.55956,715.58624,221.76508,225.4986,847.90967,164.19315,313.4519,908.1915,153.58388,329.6598,920.2479,316.65054,399.37207,771.81995,316.65054,615.6405,771.81995,316.65054,819.0736,771.81995,261.20447,364.94858,799.44507,261.20447,573.7437,799.44507,261.20447,770.14716,799.44507
2022-09-20 13:28:28.979492,1,351.01404,32.027973,553.6438,287.92227,66.65925,621.52966,298.10968,256.2092,743.3583,294.76242,367.5325,731.5586,290.8734,121.5689,652.5083,343.9171,122.61336,738.75287,375.77936,183.6751,531.32056,375.77936,375.56836,531.32056,375.77936,454.02625,531.32056,290.8734,121.5689,652.5083,216.75113,90.92349,715.1959,221.52,224.29945,846.9452,164.62685,312.77652,907.6281,154.14908,329.07092,919.7647,319.50278,412.23846,729.53723,319.50278,641.0021,729.53723,319.50278,856.18884,729.53723,261.2949,365.05554,798.5347,261.2949,574.05286,798.5347,261.2949,770.64636,798.5347
2022-09-20 13:28:29.010767,1,351.34253,21.904062,560.22986,287.9153,66.62073,621.3948,298.03296,255.84627,743.48376,294.74167,367.14154,731.56323,290.8506,121.51796,652.4792,343.76114,122.2845,738.3287,375.66992,183.66878,531.2192,375.66992,375.56323,531.2192,375.66992,454.0216,531.2192,290.8506,121.51796,652.4792,216.9964,90.86208,714.83514,221.28952,224.14885,846.8161,164.59047,312.77692,907.4475,154.14789,329.10007,919.5738,319.99167,401.67407,760.81934,319.99167,620.9913,760.81934,319.99167,827.2922,760.81934,260.9854,364.91867,797.7315,260.9854,574.08777,797.7315,260.9854,770.84283,797.7315
2022-09-20 13:28:29.042019,1,337.609,-3.664774,585.4376,287.90912,66.58611,621.2748,298.0267,255.55121,743.4613,294.73505,366.81326,731.6153,290.84796,121.4747,652.4201,343.611,121.99657,737.9657,375.9229,182.78241,530.6269,375.9229,374.85312,530.6269,375.9229,453.38358,530.6269,290.84796,121.4747,652.4201,217.22182,90.82201,714.5289,221.40625,224.04898,846.7252,164.706,312.67545,907.3503,154.26318,328.9983,919.4753,318.73285,395.61154,775.0888,318.73285,610.84863,775.0888,318.73285,813.3116,775.0888,261.06064,364.37418,798.42566,261.06064,573.3201,798.42566,261.06064,769.8654,798.42566
2022-09-20 13:28:29.084451,1,296.94583,-4.545841,637.5578,287.9068,66.572716,621.22864,298.03275,255.32576,743.39343,294.73532,366.55444,731.6724,290.85077,121.45,652.3988,343.46765,121.90546,737.61017,376.03064,181.79898,529.7897,376.03064,374.13287,529.7897,376.03064,452.77094,529.7897,290.85077,121.45,652.3988,217.41165,90.7896,714.2875,221.52951,223.96138,846.6583,164.72841,312.504,907.28864,154.26715,328.8112,919.4147,316.7623,389.6489,788.3728,316.7623,601.21484,788.3728,316.7623,800.2246,788.3728,260.95322,364.01974,799.7964,260.95322,572.56384,799.7964,260.95322,768.73114,799.7964
2022-09-20 13:28:29.115720,1,269.88907,20.621346,674.287,287.90414,66.55786,621.17633,298.0399,255.13475,743.29736,294.73703,366.33386,731.69916,290.8532,121.42528,652.3611,343.43152,121.8614,737.1494,376.24915,180.35713,528.51385,376.24915,373.11255,528.51385,376.24915,451.9229,528.51385,290.8532,121.42528,652.3611,217.5836,90.74672,714.0697,221.64694,223.91829,846.44904,164.73431,312.33588,907.2117,154.25453,328.6169,919.3642,317.6409,393.52866,781.7028,317.6409,606.8525,781.7028,317.6409,807.51575,781.7028,261.33838,362.8636,801.4457,261.33838,570.93243,801.4457,261.33838,766.6525,801.4457
2022-09-20 13:28:29.146971,1,262.71988,33.85718,686.10004,287.90353,66.55414,621.1634,298.0471,254.98575,743.2007,294.74017,366.1546,731.7267,290.85648,121.4095,652.3473,343.32788,121.811874,736.86554,376.63132,177.94089,526.8937,376.63132,371.2438,526.8937,376.63132,450.27805,526.8937,290.85648,121.4095,652.3473,217.7319,90.63284,713.896,221.75523,223.80118,846.3024,164.75716,312.1426,907.10236,154.2623,328.40857,919.2623,318.81763,399.41577,768.7755,318.81763,616.27606,768.7755,318.81763,820.26587,768.7755,262.16336,362.34778,802.36584,262.16336,570.12933,802.36584,262.16336,765.57935,802.36584
2022-09-20 13:28:29.179747,1,262.47852,35.801174,688.1061,287.91565,66.61948,621.39764,298.05933,254.91635,743.1614,294.7406,366.05658,731.7313,290.86917,121.446014,652.52783,343.48416,121.88041,736.4802,376.89215,177.24008,526.06885,376.89215,370.79858,526.06885,376.89215,449.93735,526.06885,290.86917,121.446014,652.52783,217.80783,90.73844,713.8229,221.88216,223.83766,846.3209,164.77017,312.03577,907.18805,154.25525,328.274,919.36145,316.65912,392.93695,783.5568,316.65912,605.65405,783.5568,316.65912,805.74664,783.5568,263.05432,361.83838,804.26434,263.05432,569.0786,804.26434,263.05432,764.01935,804.26434
2022-09-20 13:28:29.211021,1,267.3796,27.117836,681.28876,287.92148,66.65098,621.51074,298.0691,254.84119,743.1073,294.74234,365.9513,731.74023,290.8767,121.45644,652.61005,343.2575,121.76218,736.583,376.74408,177.77219,526.6927,376.74408,371.05185,526.6927,376.74408,450.07657,526.6927,290.8767,121.45644,652.61005,217.90628,90.81559,713.7198,221.98734,223.84851,846.3096,164.80011,311.97348,907.14294,154.27089,328.19894,919.30963,319.9196,408.36044,743.03937,319.9196,632.6194,743.03937,319.9196,843.5687,743.03937,261.7211,362.85162,800.8382,261.7211,570.9251,800.8382,261.7211,766.64966,800.8382
2022-09-20 13:28:29.242272,1,281.2453,7.352069,658.85895,287.9269,66.6802,621.6156,298.08173,254.78119,743.0625,294.74362,365.86026,731.747,290.88452,121.464615,652.6848,343.20258,121.71075,736.45605,376.6706,178.33287,527.01355,376.6706,371.4432,527.01355,376.6706,450.39868,527.01355,290.88452,121.464615,652.6848,217.99684,90.88004,713.626,222.00424,223.83914,846.30005,164.82596,311.94656,907.10284,154.29797,328.1694,919.2634,316.7647,392.63474,783.3028,316.7647,605.3094,783.3028,316.7647,805.36194,783.3028,260.36923,363.6798,799.1174,260.36923,572.1456,799.1174,260.36923,768.23914,799.1174
2022-09-20 13:28:29.280049,1,308.49942,-11.21629,616.7458,287.9293,66.6929,621.66125,298.0852,254.72125,743.0174,294.74582,365.7685,731.7527,290.8874,121.45974,652.7125,343.30725,121.70497,736.0776,376.20868,181.02516,528.27673,376.20868,373.62018,528.27673,376.20868,452.36502,528.27673,290.8874,121.45974,652.7125,218.0999,91.43388,713.51404,222.04399,224.15898,846.51575,164.71384,312.1005,907.2246,154.15639,328.2951,919.3664,319.8621,403.81097,755.96606,319.8621,624.1149,755.96606,319.8621,831.3441,755.96606,257.66016,366.4056,792.5454,257.66016,576.5416,792.5454,257.66016,774.20624,792.5454
2022-09-20 13:28:29.311323,1,334.7006,-5.9409485,580.2511,287.93033,66.69841,621.6811,298.08856,254.66643,742.9758,294.74796,365.68094,731.75714,290.8892,121.44884,652.71936,343.31375,121.66669,735.84503,375.41937,185.18175,530.73444,375.41937,376.82968,530.73444,375.41937,455.18726,530.73444,290.8892,121.44884,652.71936,218.20346,91.89684,713.4124,222.08829,224.38863,846.76984,164.63397,312.2131,907.3079,154.05103,328.39014,919.4155,317.86346,395.29877,776.893,317.86346,609.6067,776.893,317.86346,811.1957,776.893,262.21396,363.0745,801.22797,262.21396,570.8735,801.22797,262.21396,766.3398,801.22797
2022-09-20 13:28:29.342580,1,347.07812,11.672,563.35297,287.9309,66.701164,621.69104,298.0916,254.61856,742.939,294.75012,365.59872,731.76587,290.89038,121.43535,652.71796,343.39685,121.654915,735.5224,375.22333,185.27434,530.4929,375.22333,376.95242,530.4929,375.22333,455.32236,530.4929,290.89038,121.43535,652.71796,218.2998,92.36049,713.31586,222.13646,224.57812,847.13696,164.55109,312.30902,907.3915,153.93973,328.47534,919.4424,315.94565,389.01065,790.44495,315.94565,599.5816,790.44495,315.94565,797.6554,790.44495,264.222,361.46207,805.8899,264.222,567.99744,805.8899,264.222,762.2751,805.8899
2022-09-20 13:28:29.380351,1,350.7744,23.817919,558.4372,287.93137,66.70358,621.69977,298.0961,254.57777,742.90765,294.81967,363.2797,731.9969,290.8918,121.42113,652.71533,343.4693,121.64386,735.23615,375.11865,185.10374,530.1319,375.11865,376.85345,530.1319,375.11865,455.25266,530.1319,290.8918,121.42113,652.71533,218.38116,92.393616,713.24725,222.15689,224.56746,847.05444,164.59357,312.26883,907.3476,153.9869,328.42877,919.40625,316.66336,390.85983,787.7689,316.66336,602.08124,787.7689,316.66336,800.76685,787.7689,261.00922,363.40543,801.47375,261.00922,571.0151,801.47375,261.00922,766.3032,801.47375
2022-09-20 13:28:29.411625,1,351.30133,21.478613,561.8644,287.93182,66.7057,621.7074,298.10025,254.54253,742.88055,294.87543,361.42307,732.1815,290.893,121.40622,652.7115,343.422,121.599525,735.13635,374.886,184.68187,529.84534,374.886,376.47464,529.84534,374.886,454.89142,529.84534,290.893,121.40622,652.7115,218.44484,91.80066,713.2101,222.16489,224.13303,846.6963,164.82536,312.02335,907.0178,154.26065,328.21698,919.08215,315.43466,391.46475,788.21735,315.43466,602.4992,788.21735,315.43466,801.009,788.21735,263.1693,361.4435,805.81335,263.1693,567.86975,805.81335,263.1693,762.0448,805.81335
2022-09-20 13:28:29.442877,1,344.08603,3.2410188,581.4572,287.93195,66.706184,621.7092,298.1059,254.5113,742.85425,294.9201,359.93558,732.3284,290.89432,121.389656,652.7024,343.3786,121.55724,735.04346,374.48004,184.13991,529.46466,374.48004,376.0082,529.46466,374.48004,454.4559,529.46466,290.89432,121.389656,652.7024,218.50769,91.29886,713.17316,222.17513,223.75032,846.4043,165.03268,311.79517,906.75433,154.50497,328.01624,918.82434,316.27423,394.43622,782.6244,316.27423,606.9098,782.6244,316.27423,806.77325,782.6244,257.696,365.61765,795.9984,257.696,574.52136,795.9984,257.696,771.0268,795.9984
2022-09-20 13:28:29.480648,1,307.0049,-5.240776,631.85785,287.93192,66.70571,621.70776,298.11127,254.48315,742.8303,294.95596,358.7429,732.4456,290.89536,121.37196,652.6904,343.32004,121.512726,734.9858,373.85052,184.03769,529.39233,373.85052,375.8683,529.39233,373.85052,454.30057,529.39233,290.89536,121.37196,652.6904,218.56924,90.826,713.1427,222.1857,223.38249,846.1385,165.2382,311.5989,906.4513,154.74617,327.85196,918.51385,316.9145,396.18668,778.6444,316.9145,609.6752,778.6444,316.9145,810.4934,778.6444,260.19348,363.85403,800.33923,260.19348,571.5555,800.33923,260.19348,766.9301,800.33923
2022-09-20 13:28:29.511954,1,277.78918,10.899903,663.3139,287.93195,66.705605,621.70746,298.1172,254.45807,742.8099,294.9848,357.7865,732.53906,290.89655,121.354095,652.6793,343.26178,121.47459,734.9419,373.2575,183.87357,529.2969,373.2575,375.67337,529.2969,373.2575,454.09305,529.2969,290.89655,121.354095,652.6793,218.62656,90.29546,713.1196,222.19667,222.97516,845.84784,165.46446,311.3847,906.1171,155.01175,327.67383,918.17096,316.59702,394.03174,782.8241,316.59702,606.308,782.8241,316.59702,805.98584,782.8241,260.2922,363.89233,800.49884,260.2922,571.4816,800.49884,260.2922,766.7506,800.49884
2022-09-20 13:28:29.543174,1,267.43616,22.41421,675.2853,287.93198,66.70557,621.7074,298.12424,254.43538,742.7914,295.00797,357.01892,732.61365,290.89798,121.3359,652.6683,343.21445,121.44223,734.89923,372.47192,183.92389,529.31665,372.47192,375.64972,529.31665,372.47192,454.03915,529.31665,290.89798,121.3359,652.6683,218.68802,90.58991,713.0922,222.21933,223.1199,845.9602,165.45297,311.50378,906.0354,154.99121,327.7925,918.0504,317.59576,397.2195,775.7085,317.59576,611.3684,775.7085,317.59576,812.80774,775.7085,260.36108,364.1312,800.0288,260.36108,571.7701,800.0288,260.36108,767.08575,800.0288
2022-09-20 13:28:29.580936,1,266.83408,23.474417,676.28064,287.93204,66.70552,621.7074,298.1305,254.41403,742.7763,295.02667,356.40186,732.6732,290.89917,121.317245,652.6575,343.1207,121.41385,734.9266,371.62793,183.9675,529.4099,371.62793,375.59143,529.4099,371.62793,453.9392,529.4099,290.89917,121.317245,652.6575,218.74495,90.87071,713.0716,222.24199,223.25748,846.0615,165.45001,311.64413,905.88684,154.98006,327.9388,917.8519,316.21765,390.92804,788.5232,316.21765,601.5218,788.5232,316.21765,799.617,788.5232,260.47403,364.1808,800.7886,260.47403,571.54895,800.7886,260.47403,766.61,800.7886
2022-09-20 13:28:29.612211,1,271.54434,18.869875,672.4428,287.93207,66.705475,621.7074,298.13174,254.39372,742.7645,295.04175,355.90485,732.7215,290.89883,121.29825,652.6471,343.10776,121.416275,734.8495,370.48907,184.14967,529.4119,370.48907,375.70352,529.4119,370.48907,454.0226,529.4119,290.89883,121.29825,652.6471,218.79578,91.21098,713.05054,222.26215,223.44475,846.16125,165.4627,311.81717,905.80505,154.98875,328.11325,917.7338,319.03638,401.5454,764.9683,319.03638,618.54517,764.9683,319.03638,822.66614,764.9683,260.3785,364.42938,799.5747,260.3785,572.0372,799.5747,260.3785,767.3236,799.5747
2022-09-20 13:28:29.643464,1,282.90723,8.04716,659.81104,287.93213,66.70543,621.7074,298.13318,254.3744,742.7542,295.0539,355.50406,732.7605,290.89853,121.27889,652.6366,343.09567,121.41611,734.7875,369.40204,184.43987,529.51886,369.40204,375.88446,529.51886,369.40204,454.1589,529.51886,290.89853,121.27889,652.6366,218.8468,91.53085,713.0415,222.28133,223.61728,846.2572,165.46547,311.968,905.7235,154.98596,328.264,917.61676,316.84665,391.98975,785.86017,316.84665,603.1428,785.86017,316.84665,801.7641,785.86017,259.95605,364.7249,799.2968,259.95605,572.32837,799.2968,259.95605,767.6107,799.2968
2022-09-20 13:28:29.681233,1,307.0791,-6.38298,628.8735,287.9322,66.70536,621.7074,298.1343,254.35612,742.74457,295.06372,355.18033,732.7924,290.89813,121.25921,652.6259,343.06403,121.39289,734.7776,368.21643,184.68898,529.6781,368.21643,376.00436,529.6781,368.21643,454.22598,529.6781,290.89813,121.25921,652.6259,218.89508,91.83616,713.03864,222.3021,223.75761,846.4106,165.45316,312.0885,905.6445,154.96422,328.38605,917.4913,314.94778,388.8226,793.2348,314.94778,597.93427,793.2348,314.94778,794.6353,793.2348,259.63016,364.7945,799.8609,259.63016,572.1738,799.8609,259.63016,767.2454,799.8609
2022-09-20 13:28:29.712508,1,332.1587,-6.6203647,590.4692,287.93225,66.70529,621.7074,298.17047,254.33821,742.73224,295.07205,354.9172,732.81793,290.9079,121.23902,652.61426,343.0525,121.376625,734.7501,368.1964,184.9155,529.91504,368.1964,376.07266,529.91504,368.1964,454.22958,529.91504,290.9079,121.23902,652.61426,218.93994,92.137,713.03955,222.3295,223.89824,846.55493,165.47423,312.28384,905.41205,154.97882,328.5997,917.1835,316.42767,395.40643,781.20557,316.42767,607.65735,781.20557,316.42767,807.3114,781.20557,259.70044,365.0731,799.5481,259.70044,572.4548,799.5481,259.70044,767.5285,799.5481
2022-09-20 13:28:29.743758,1,344.31607,7.360888,565.1054,287.9323,66.70503,621.7074,298.18362,254.32349,742.7134,295.07864,354.7068,732.83765,290.91092,121.21888,652.6007,343.04236,121.36405,734.7287,367.70618,186.51443,531.0365,367.70618,377.1944,531.0365,367.70618,455.15622,531.0365,290.91092,121.21888,652.6007,218.9812,92.46146,713.0408,222.3545,224.04524,846.73444,165.50604,312.5025,905.17737,155.00603,328.84073,916.86597,319.62064,402.62646,762.2323,319.62064,620.0769,762.2323,319.62064,824.6218,762.2323,260.12253,365.38806,798.8718,260.12253,572.8653,798.8718,260.12253,768.029,798.8718
2022-09-20 13:28:29.786063,1,348.36646,21.487722,556.2333,287.93237,66.70479,621.7074,298.1962,254.30917,742.69476,295.08405,354.5357,732.8535,290.91373,121.19849,652.587,343.035,121.35379,734.7127,366.86496,190.75415,534.0247,366.86496,380.29312,534.0247,366.86496,457.78842,534.0247,290.91373,121.19849,652.587,219.02292,92.76881,713.05133,222.3863,224.18683,846.8934,165.59929,312.70306,905.06775,155.10678,329.0582,916.70264,319.37317,396.06613,776.18097,319.37317,609.5254,776.18097,319.37317,810.31604,776.18097,260.24582,365.60583,798.771,260.24582,573.02826,798.771,260.24582,768.1404,798.771
